Time [us],Trace [arb. u.]
-2.0307,0.000491647
-2.0267,0.000891389
-2.0227,-0.00174724
-2.0187,-0.000940509
-2.0147,-0.000961067
-2.0107,-0.00119041
-2.0067,0.000766006
-2.0027,0.00199972
-1.9987,-0.000349547
-1.9947,-0.00208574
-1.9907,-0.00174634
-1.9867,-0.000694945
-1.9827,-0.00105645
-1.9787,-0.000316084
-1.9747,0.000420609
-1.9707,-0.00013388
-1.9667,-0.00111726
-1.9627,-0.000331094
-1.9587,0.000792782
-1.9547,0.000896727
-1.9507,0.000678285
-1.9467,0.000666953
-1.9427,-0.000668367
-1.9387,0.00124468
-1.9347,-0.000324976
-1.9307,1.84149e-05
-1.9267,1.33e-05
-1.9227,-0.00040113
-1.9187,0.000640053
-1.9147,-3.58425e-05
-1.9107,-0.000848577
-1.9067,5.75382e-05
-1.9027,0.000134348
-1.8987,0.000180717
-1.8947,-0.000122994
-1.8907,-0.000136778
-1.8867,0.000889506
-1.8827,-0.000677036
-1.8787,-0.000475388
-1.8747,8.66671e-05
-1.8707,0.000364023
-1.8667,-0.000636018
-1.8627,0.000477083
-1.8587,2.07433e-05
-1.8547,0.000263967
-1.8507,0.000965759
-1.8467,0.00215012
-1.8427,0.000228286
-1.8387,-0.000279289
-1.8347,0.000557782
-1.8307,0.000440065
-1.8267,0.000503202
-1.8227,-0.000794765
-1.8187,0.000306
-1.8147,-0.000314536
-1.8107,0.000759108
-1.8067,0.000577238
-1.8027,0.00161208
-1.7987,0.00106781
-1.7947,0.00103001
-1.7907,-0.000128889
-1.7867,-0.00117584
-1.7827,-0.000581216
-1.7787,-0.000364558
-1.7747,-0.00112705
-1.7707,-0.00192055
-1.7667,-0.000955519
-1.7627,-0.000480503
-1.7587,-0.00124454
-1.7547,-0.00208785
-1.7507,-0.000410802
-1.7467,0.000233401
-1.7427,0.000669839
-1.7387,0.000603147
-1.7347,-0.000418134
-1.7307,-0.000421032
-1.7267,-0.000335763
-1.7227,-0.000884257
-1.7187,-0.000653146
-1.7147,-0.00111892
-1.7107,0.000118905
-1.7067,0.000720641
-1.7027,0.000825254
-1.6987,-3.30683e-05
-1.6947,0.000323339
-1.6907,0.00118898
-1.6867,-0.000332766
-1.6827,0.000213623
-1.6787,0.000988435
-1.6747,0.00053321
-1.6707,0.000624597
-1.6667,-8.51956e-05
-1.6627,0.00189732
-1.6587,0.000929298
-1.6547,0.000752432
-1.6507,0.00137941
-1.6467,0.00116664
-1.6427,0.001
-1.6387,0.00148202
-1.6347,0.000572903
-1.6307,0.00162631
-1.6267,-0.00189308
-1.6227,0.000470296
-1.6187,0.000238516
-1.6147,-0.000521856
-1.6107,0.000750104
-1.6067,0.00165788
-1.6027,0.000513989
-1.5987,-0.000178576
-1.5947,0.00186353
-1.5907,0.000866384
-1.5867,-0.000938725
-1.5827,0.000595803
-1.5787,-2.10551e-05
-1.5747,-0.000210591
-1.5707,0.0018004
-1.5667,0.000400149
-1.5627,3.05272e-05
-1.5587,-0.000116095
-1.5547,0.0011951
-1.5507,-1.12712e-05
-1.5467,-0.000835338
-1.5427,0.00161253
-1.5387,0.000647942
-1.5347,-0.00177724
-1.5307,-0.000866139
-1.5267,0.00177527
-1.5227,0.00169735
-1.5187,0.000299102
-1.5147,0.00106838
-1.5107,-0.000755531
-1.5067,0.00156773
-1.5027,0.000104674
-1.4987,0.000244188
-1.4947,0.000133469
-1.4907,-0.000998643
-1.4867,-0.000960844
-1.4827,0.000799234
-1.4787,-0.00131125
-1.4747,0.000687623
-1.4707,0.00110228
-1.4667,-0.000532977
-1.4627,-0.000153894
-1.4587,1.80805e-05
-1.4547,0.000462741
-1.4507,0.00171201
-1.4467,0.000853046
-1.4427,0.000498422
-1.4387,0.000466742
-1.4347,-0.000497173
-1.4307,0.0012818
-1.4267,0.00172769
-1.4227,0.000223171
-1.4187,-0.000278843
-1.4147,0.0015546
-1.4107,0.00250808
-1.4067,-1.59876e-06
-1.4027,3.73905e-06
-1.3987,0.000900838
-1.3947,0.00156094
-1.3907,0.000869604
-1.3867,-0.00107757
-1.3827,-0.00091138
-1.3787,-0.000485284
-1.3747,-0.000330425
-1.3707,0.00016993
-1.3667,-0.00118929
-1.3627,-0.001037
-1.3587,-0.00153512
-1.3547,-0.000773315
-1.3507,-0.000416474
-1.3467,-0.000191246
-1.3427,-0.00022705
-1.3387,0.000112006
-1.3347,-0.000703168
-1.3307,-0.00146376
-1.3267,-0.00159238
-1.3227,0.000334671
-1.3187,-0.000101754
-1.3147,-6.11816e-05
-1.3107,-0.00029664
-1.3067,-0.000823894
-1.3027,-0.000877025
-1.2987,0.000128131
-1.2947,0.000261081
-1.2907,-0.000629021
-1.2867,-0.000990085
-1.2827,-0.000101754
-1.2787,-1.93315e-06
-1.2747,-0.000411025
-1.2707,-0.000687155
-1.2667,-0.00214143
-1.2627,-0.00178825
-1.2587,-6.6408e-05
-1.2547,-0.00060923
-1.2507,-0.00101542
-1.2467,-0.00086791
-1.2427,0.000376024
-1.2387,0.00046663
-1.2347,0.00144433
-1.2307,0.00117319
-1.2267,0.000553781
-1.2227,0.000139587
-1.2187,-0.000212486
-1.2147,-0.000484281
-1.2107,0.000268202
-1.2067,-0.00131469
-1.2027,-0.0011783
-1.1987,-0.000910377
-1.1947,-0.000522525
-1.1907,0.000174376
-1.1867,0.000388817
-1.1827,-0.000191692
-1.1787,0.00272163
-1.1747,0.000437278
-1.1707,1.0625e-05
-1.1667,0.000390588
-1.1627,-0.000961513
-1.1587,-0.00050796
-1.1547,0.000862384
-1.1507,0.000962985
-1.1467,0.000694298
-1.1427,0.000253749
-1.1387,0.00117164
-1.1347,-0.000496839
-1.1307,-0.000681383
-1.1267,0.000137915
-1.1227,0.00128448
-1.1187,0.00031789
-1.1147,-0.000772535
-1.1107,-0.000622345
-1.1067,-0.000279177
-1.1027,-0.00125944
-1.0987,-0.00154558
-1.0947,-0.000461158
-1.0907,0.000532443
-1.0867,0.000358574
-1.0827,0.000545335
-1.0787,0.000315004
-1.0747,0.000928852
-1.0707,-0.000227484
-1.0667,0.000606367
-1.0627,0.00101312
-1.0587,7.56571e-05
-1.0547,-0.00182405
-1.0507,-0.00102444
-1.0467,-0.00049695
-1.0427,-0.000515515
-1.0387,-0.00229239
-1.0347,-0.0020516
-1.0307,-0.00274917
-1.0267,-0.00293214
-1.0227,-0.00147165
-1.0187,-0.00245102
-1.0147,-0.00257097
-1.0107,-0.00178537
-1.0067,-0.00356646
-1.0027,-0.00281198
-0.998704,-0.00244836
-0.994704,-0.00163629
-0.990704,-0.000291413
-0.986704,-0.00103322
-0.982704,-0.00120519
-0.978704,-0.00124266
-0.974704,8.12178e-05
-0.970704,-0.000603236
-0.966704,-0.00010376
-0.962704,-0.000901039
-0.958704,-0.000194354
-0.954704,0.00103046
-0.950704,0.00190722
-0.946704,0.000493307
-0.942704,0.000301889
-0.938704,0.000493641
-0.934704,0.000475299
-0.930704,-0.00113804
-0.926704,8.04376e-05
-0.922704,-0.000414691
-0.918704,0.000200272
-0.914704,0.000298991
-0.910704,-0.000949735
-0.906704,-0.00147521
-0.902704,-0.00184918
-0.898704,-0.000285407
-0.894704,-0.000337769
-0.890704,-0.000814668
-0.886704,0.000304997
-0.882704,-0.000330314
-0.878704,-0.00157715
-0.874704,-0.00154468
-0.870704,-0.000307972
-0.866704,-0.000110869
-0.862704,-0.00141808
-0.858704,-0.00096129
-0.854704,-0.00140362
-0.850704,-0.00323174
-0.846704,-0.00212097
-0.842704,-0.00201737
-0.838704,-0.000995868
-0.834704,-0.00187907
-0.830704,-0.00153168
-0.826704,0.000187268
-0.822704,-0.000720061
-0.818704,0.000390699
-0.814704,0.00140175
-0.810704,0.000643496
-0.806704,-0.00127778
-0.802704,-0.000543529
-0.798704,-0.000830111
-0.794704,-0.000191134
-0.790704,-0.00155569
-0.786704,-0.000637913
-0.782704,-0.00020503
-0.778704,0.000284538
-0.774704,-0.000849456
-0.770704,-0.00153102
-0.766704,-0.000976189
-0.762704,-0.00012744
-0.758704,-8.51956e-05
-0.754704,0.00189955
-0.750704,0.00127914
-0.746704,-0.000184026
-0.742704,0.000767331
-0.738704,0.00116308
-0.734704,0.000720083
-0.730704,-8.46383e-05
-0.726704,0.000429501
-0.722704,-0.000464502
-0.718704,-0.00119863
-0.714704,0.00100056
-0.710704,0.000494979
-0.706704,-0.000642471
-0.702704,-0.000374998
-0.698704,-0.000339763
-0.694704,0.000998331
-0.690704,-0.000248835
-0.686704,0.000821688
-0.682704,0.00106048
-0.678704,0.00213699
-0.674704,0.00128437
-0.670704,-0.000111872
-0.666704,0.00104057
-0.662704,0.00168111
-0.658704,0.000791345
-0.654704,0.000102012
-0.650704,0.00146512
-0.646704,-0.000344767
-0.642704,-0.00134515
-0.638704,0.000661838
-0.634704,0.00140543
-0.630704,-0.000243831
-0.626704,-0.000215148
-0.622704,-0.00159193
-0.618704,-0.00115795
-0.614704,-0.000678039
-0.610704,-0.0014781
-0.606704,-0.00197712
-0.602704,-0.0011605
-0.598704,-0.000363666
-0.594704,-6.2678e-06
-0.590704,-0.000696381
-0.586704,-0.000486398
-0.582704,0.000660278
-0.578704,-0.000768646
-0.574704,-0.00142274
-0.570704,-0.00280498
-0.566704,-0.00139873
-0.562704,-0.00033954
-0.558704,-0.00128656
-0.554704,0.000390588
-0.550704,3.95309e-05
-0.546704,-0.000715503
-0.542704,0.000940866
-0.538704,-0.000219372
-0.534704,-0.000574218
-0.530704,-0.000113098
-0.526704,-0.000212374
-0.522704,-1.93832e-05
-0.518704,-0.00088214
-0.514704,-0.00120586
-0.510704,0.000392594
-0.506704,-0.000143998
-0.502704,-0.00185062
-0.498704,0.000547118
-0.494704,0.000245402
-0.490704,0.000592025
-0.486704,0.000941646
-0.482704,0.000189497
-0.478704,0.0010726
-0.474704,0.00101356
-0.470704,-0.000206925
-0.466704,-0.000544421
-0.462704,0.00101901
-0.458704,0.000618269
-0.454704,-0.000392126
-0.450704,0.00042472
-0.446704,0.00110628
-0.442704,0.000347799
-0.438704,-0.000258061
-0.434704,0.000957424
-0.430704,0.000510422
-0.426704,-0.000249169
-0.422704,-0.000552979
-0.418704,0.000238628
-0.414704,0.000841032
-0.410704,0.000463063
-0.406704,0.00138863
-0.402704,0.00152437
-0.398704,0.000304217
-0.394704,0.000379367
-0.390704,0.000555676
-0.386704,0.000152368
-0.382704,0.000283757
-0.378704,-0.000254507
-0.374704,-0.000902711
-0.370704,0.00151836
-0.366704,0.00138286
-0.362704,-0.000193029
-0.358704,-0.000187691
-0.354704,-7.48544e-05
-0.350704,-0.000746304
-0.346704,-0.000206702
-0.342704,-0.00190487
-0.338704,-0.00186329
-0.334704,-0.00196756
-0.330704,-0.00105268
-0.326704,-0.0039432
-0.322704,-0.00188997
-0.318704,-0.000592114
-0.314704,-0.00230496
-0.310704,1.16281e-05
-0.306704,0.000831806
-0.302704,-0.00112815
-0.298704,-5.95097e-05
-0.294704,0.00343587
-0.290704,-0.000320319
-0.286704,0.00010356
-0.282704,0.00323588
-0.278704,0.00224495
-0.274704,0.000176815
-0.270704,0.000627483
-0.266704,-0.000421478
-0.262704,-0.000278397
-0.258704,0.000459187
-0.254704,0.000778898
-0.250704,0.000632152
-0.246704,0.000371243
-0.242704,0.00257
-0.238704,0.00218736
-0.234704,0.000696961
-0.230704,0.00191168
-0.226704,0.000650939
-0.222704,0.00170646
-0.218704,0.000579913
-0.214704,0.00128104
-0.210704,0.00169856
-0.206704,0.000816474
-0.202704,-0.000342327
-0.198704,0.000284649
-0.194704,-0.000110324
-0.190704,0.000872168
-0.186704,0.00184531
-0.182704,0.00190689
-0.178704,0.00094686
-0.174704,0.00150147
-0.170704,0.000962873
-0.166704,-4.80662e-05
-0.162704,0.0012718
-0.158704,0.000471522
-0.154704,0.00116664
-0.150704,0.00170446
-0.146704,-0.001933
-0.142704,0.00404026
-0.138704,0.00573644
-0.134704,0.0093262
-0.130704,0.0169797
-0.126704,0.0232456
-0.122704,0.0358951
-0.118704,0.0504641
-0.114704,0.081319
-0.110704,0.110911
-0.106704,0.15016
-0.102704,0.20407
-0.0987043,0.245994
-0.0947043,0.298026
-0.0907043,0.351678
-0.0867043,0.399991
-0.0827043,0.443535
-0.0787043,0.494367
-0.0747043,0.544605
-0.0707043,0.587974
-0.0667043,0.628477
-0.0627043,0.664167
-0.0587043,0.701786
-0.0547043,0.731546
-0.0507043,0.761582
-0.0467043,0.791245
-0.0427043,0.818257
-0.0387043,0.845167
-0.0347043,0.873771
-0.0307043,0.892415
-0.0267043,0.91504
-0.0227043,0.94077
-0.0187043,0.955121
-0.0147043,0.968028
-0.0107043,0.975612
-0.00670426,0.981683
-0.00270426,0.993337
0.00129574,0.996218
0.00529574,0.995736
0.00929574,0.996128
0.0132957,0.993266
0.0172957,0.987386
0.0212957,0.974331
0.0252957,0.949959
0.0292957,0.921668
0.0332957,0.889111
0.0372957,0.84731
0.0412957,0.811006
0.0452957,0.775505
0.0492957,0.734741
0.0532957,0.694604
0.0572957,0.655895
0.0612957,0.616629
0.0652957,0.580248
0.0692957,0.543819
0.0732957,0.507621
0.0772957,0.47893
0.0812957,0.447112
0.0852957,0.41343
0.0892957,0.386939
0.0932957,0.364284
0.0972957,0.333891
0.101296,0.308169
0.105296,0.279578
0.109296,0.255616
0.113296,0.232936
0.117296,0.207422
0.121296,0.182121
0.125296,0.163241
0.129296,0.144218
0.133296,0.118511
0.137296,0.0994722
0.141296,0.0847363
0.145296,0.067024
0.149296,0.049689
0.153296,0.032555
0.157296,0.0164872
0.161296,-0.00349042
0.165296,-0.022485
0.169296,-0.0379018
0.173296,-0.0504968
0.177296,-0.0614786
0.181296,-0.0665233
0.185296,-0.0652926
0.189296,-0.0642131
0.193296,-0.064218
0.197296,-0.0594123
0.201296,-0.0530464
0.205296,-0.0469291
0.209296,-0.0435853
0.213296,-0.0358255
0.217296,-0.0285521
0.221296,-0.0223238
0.225296,-0.0173199
0.229296,-0.0100195
0.233296,-0.00453549
0.237296,-0.00285567
0.241296,-0.00545417
0.245296,-0.00755741
0.249296,-0.0150294
0.253296,-0.0223347
0.257296,-0.0315465
0.261296,-0.0366488
0.265296,-0.0393398
0.269296,-0.0437221
0.273296,-0.0454785
0.277296,-0.0501728
0.281296,-0.0523321
0.285296,-0.0554291
0.289296,-0.0620718
0.293296,-0.0682183
0.297296,-0.0697626
0.301296,-0.066855
0.305296,-0.0698043
0.309296,-0.0715445
0.313296,-0.0752061
0.317296,-0.0736814
0.321296,-0.0738934
0.325296,-0.073821
0.329296,-0.0701482
0.333296,-0.0622881
0.337296,-0.0528148
0.341296,-0.0432036
0.345296,-0.0297699
0.349296,-0.0165743
0.353296,-0.00128345
0.357296,0.0128865
0.361296,0.0292038
0.365296,0.0462992
0.369296,0.0646038
0.373296,0.0868912
0.377296,0.104079
0.381296,0.120692
0.385296,0.138322
0.389296,0.156293
0.393296,0.170061
0.397296,0.183225
0.401296,0.198158
0.405296,0.209875
0.409296,0.219449
0.413296,0.225298
0.417296,0.228821
0.421296,0.227532
0.425296,0.22284
0.429296,0.215663
0.433296,0.210794
0.437296,0.205069
0.441296,0.20168
0.445296,0.196652
0.449296,0.189514
0.453296,0.185288
0.457296,0.179996
0.461296,0.169578
0.465296,0.155396
0.469296,0.14317
0.473296,0.125708
0.477296,0.106177
0.481296,0.0836771
0.485296,0.0625579
0.489296,0.0395797
0.493296,0.017276
0.497296,-0.00454683
0.501296,-0.0289266
0.505296,-0.0473324
0.509296,-0.0644208
0.513296,-0.0841646
0.517296,-0.0981247
0.521296,-0.111471
0.525296,-0.12625
0.529296,-0.137516
0.533296,-0.149093
0.537296,-0.161158
0.541296,-0.168843
0.545296,-0.177554
0.549296,-0.186214
0.553296,-0.194626
0.557296,-0.200511
0.561296,-0.204437
0.565296,-0.21073
0.569296,-0.218097
0.573296,-0.221187
0.577296,-0.224853
0.581296,-0.228701
0.585296,-0.23075
0.589296,-0.233132
0.593296,-0.232849
0.597296,-0.234881
0.601296,-0.236473
0.605296,-0.23608
0.609296,-0.234294
0.613296,-0.232688
0.617296,-0.227301
0.621296,-0.2197
0.625296,-0.211311
0.629296,-0.201212
0.633296,-0.189758
0.637296,-0.179433
0.641296,-0.167634
0.645296,-0.155499
0.649296,-0.144303
0.653296,-0.134261
0.657296,-0.123416
0.661296,-0.112268
0.665296,-0.101688
0.669296,-0.0918428
0.673296,-0.0808829
0.677296,-0.069177
0.681296,-0.0585698
0.685296,-0.0520309
0.689296,-0.0448375
0.693296,-0.0388343
0.697296,-0.0319213
0.701296,-0.0287269
0.705296,-0.0264365
0.709296,-0.0253172
0.713296,-0.0229283
0.717296,-0.0250831
0.721296,-0.0252739
0.725296,-0.0304594
0.729296,-0.0336518
0.733296,-0.0358556
0.737296,-0.040025
0.741296,-0.0408319
0.745296,-0.0375827
0.749296,-0.0354291
0.753296,-0.0317923
0.757296,-0.0264469
0.761296,-0.0198902
0.765296,-0.0119929
0.769296,-0.0063367
0.773296,0.000521655
0.777296,0.00525854
0.781296,0.0143
0.785296,0.019991
0.789296,0.0243447
0.793296,0.0278713
0.797296,0.034409
0.801296,0.0419074
0.805296,0.0485635
0.809296,0.058527
0.813296,0.0691622
0.817296,0.0809343
0.821296,0.0939861
0.825296,0.106147
0.829296,0.116759
0.833296,0.125752
0.837296,0.135034
0.841296,0.141812
0.845296,0.147879
0.849296,0.152924
0.853296,0.154534
0.857296,0.151923
0.861296,0.147789
0.865296,0.143162
0.869296,0.137286
0.873296,0.130597
0.877296,0.128761
0.881296,0.122892
0.885296,0.117653
0.889296,0.110881
0.893296,0.102845
0.897296,0.0972807
0.901296,0.0888663
0.905296,0.0777766
0.909296,0.0693156
0.913296,0.0635967
0.917296,0.0547227
0.921296,0.0447172
0.925296,0.0322445
0.929296,0.0226629
0.933296,0.0105279
0.937296,-0.00234864
0.941296,-0.0134651
0.945296,-0.0240277
0.949296,-0.0360826
0.953296,-0.0436963
0.957296,-0.0503048
0.961296,-0.0628807
0.965296,-0.0706732
0.969296,-0.0750434
0.973296,-0.0793162
0.977296,-0.0815377
0.981296,-0.0867296
0.985296,-0.0875167
0.989296,-0.0869418
0.993296,-0.0881308
0.997296,-0.0886742
1.0013,-0.0920406
1.0053,-0.092808
1.0093,-0.0938599
1.0133,-0.0937059
1.0173,-0.0949304
1.0213,-0.0955193
1.0253,-0.0981881
1.0293,-0.0987588
1.0333,-0.0977268
1.0373,-0.0961259
1.0413,-0.0959727
1.0453,-0.0922788
1.0493,-0.0877616
1.0533,-0.0823386
1.0573,-0.0755617
1.0613,-0.0695386
1.0653,-0.0627831
1.0693,-0.0527482
1.0733,-0.0436798
1.0773,-0.0326885
1.0813,-0.0283772
1.0853,-0.0215889
1.0893,-0.0165213
1.0933,-0.00913041
1.0973,-0.00161673
1.1013,0.00418089
1.1053,0.0126589
1.1093,0.0193589
1.1133,0.0239093
1.1173,0.029718
1.1213,0.0363274
1.1253,0.0388914
1.1293,0.0437932
1.1333,0.0481915
1.1373,0.0504911
1.1413,0.0531647
1.1453,0.0531402
1.1493,0.0514375
1.1533,0.0491849
1.1573,0.045657
1.1613,0.0411316
1.1653,0.0376292
1.1693,0.03465
1.1733,0.0315769
1.1773,0.0288506
1.1813,0.0253527
1.1853,0.0214806
1.1893,0.021107
1.1933,0.0198355
1.1973,0.0172861
1.2013,0.0204165
1.2053,0.0226733
1.2093,0.024794
1.2133,0.0255595
1.2173,0.026671
1.2213,0.0314877
1.2253,0.0314278
1.2293,0.031433
1.2333,0.032267
1.2373,0.0342664
1.2413,0.0384022
1.2453,0.039948
1.2493,0.0436094
1.2533,0.0468795
1.2573,0.0506472
1.2613,0.0547078
1.2653,0.0576327
1.2693,0.0613281
1.2733,0.0663729
1.2773,0.0709159
1.2813,0.0722557
1.2853,0.0721907
1.2893,0.0739111
1.2933,0.0735671
1.2973,0.07265
1.3013,0.0703132
1.3053,0.0677031
1.3093,0.0619824
1.3133,0.0566282
1.3173,0.0497713
1.3213,0.0454225
1.3253,0.0395922
1.3293,0.0344542
1.3333,0.0294209
1.3373,0.0236995
1.3413,0.0161413
1.3453,0.0110782
1.3493,0.00510345
1.3533,-0.000207817
1.3573,-0.00383692
1.3613,-0.00764557
1.3653,-0.0112638
1.3693,-0.0184573
1.3733,-0.0248343
1.3773,-0.0285663
1.3813,-0.0320661
1.3853,-0.0387917
1.3893,-0.0441953
1.3933,-0.0472237
1.3973,-0.0487166
1.4013,-0.052074
1.4053,-0.0540041
1.4093,-0.0588593
1.4133,-0.0602607
1.4173,-0.0570768
1.4213,-0.059338
1.4253,-0.0602181
1.4293,-0.0575765
1.4333,-0.0554653
1.4373,-0.0578629
1.4413,-0.0566543
1.4453,-0.0551862
1.4493,-0.0556697
1.4533,-0.0565567
1.4573,-0.056467
1.4613,-0.0555182
1.4653,-0.0550306
1.4693,-0.0539447
1.4733,-0.0552233
1.4773,-0.0538151
1.4813,-0.050991
1.4853,-0.0479591
1.4893,-0.0451894
1.4933,-0.0403407
1.4973,-0.0349089
1.5013,-0.0300507
1.5053,-0.0248222
1.5093,-0.0190725
1.5133,-0.0147545
1.5173,-0.00827199
1.5213,-0.00186062
1.5253,0.00198349
1.5293,0.00677861
1.5333,0.0131519
1.5373,0.0173378
1.5413,0.0190245
1.5453,0.0222557
1.5493,0.0254608
1.5533,0.0305165
1.5573,0.0320169
1.5613,0.0341153
1.5653,0.0378547
1.5693,0.0379143
1.5733,0.0381834
1.5773,0.0377919
1.5813,0.0388895
1.5853,0.0392184
1.5893,0.0391089
1.5933,0.0389517
1.5973,0.037412
1.6013,0.0338494
1.6053,0.0299048
1.6093,0.024564
1.6133,0.0207382
1.6173,0.0188479
1.6213,0.0131577
1.6253,0.0109096
1.6293,0.00739749
1.6333,0.00489078
1.6373,0.00332959
1.6413,0.00263403
1.6453,0.00100968
1.6493,0.00187365
1.6533,0.00131138
1.6573,0.0020165
1.6613,0.00241136
1.6653,0.00304756
1.6693,0.00372579
1.6733,0.00345153
1.6773,0.00483855
1.6813,0.00665511
1.6853,0.00952653
1.6893,0.0120481
1.6933,0.0108922
1.6973,0.0131418
1.7013,0.0150762
1.7053,0.0181357
1.7093,0.0175821
1.7133,0.0178845
1.7173,0.0226505
1.7213,0.021994
1.7253,0.0230827
1.7293,0.0221292
1.7333,0.0216724
1.7373,0.0200802
1.7413,0.0195613
1.7453,0.0162444
1.7493,0.0145051
1.7533,0.0127489
1.7573,0.0103636
1.7613,0.00585282
1.7653,0.0030181
1.7693,0.00152571
1.7733,-0.00144753
1.7773,-0.00671311
1.7813,-0.00539903
1.7853,-0.00814482
1.7893,-0.0105343
1.7933,-0.0130526
1.7973,-0.0154508
1.8013,-0.017051
1.8053,-0.019143
1.8093,-0.0207518
1.8133,-0.0233996
1.8173,-0.0253537
1.8213,-0.0247179
1.8253,-0.0271842
1.8293,-0.0288976
1.8333,-0.0314207
1.8373,-0.0326927
1.8413,-0.0299571
1.8453,-0.030667
1.8493,-0.0327339
1.8533,-0.0312773
1.8573,-0.0296765
1.8613,-0.0292313
1.8653,-0.0287426
1.8693,-0.0290186
1.8733,-0.0281893
1.8773,-0.0263435
1.8813,-0.0261729
1.8853,-0.0268473
1.8893,-0.0252013
1.8933,-0.0245431
1.8973,-0.024354
1.9013,-0.024924
1.9053,-0.0234837
1.9093,-0.0233587
1.9133,-0.0236627
1.9173,-0.0219088
1.9213,-0.0182342
1.9253,-0.0175807
1.9293,-0.0125572
1.9333,-0.0104581
1.9373,-0.00752462
1.9413,-0.00427704
1.9453,-0.000370998
1.9493,0.00246794
1.9533,0.00594777
1.9573,0.00992904
1.9613,0.0141458
1.9653,0.015887
1.9693,0.0189438
1.9733,0.0212126
1.9773,0.0217333
1.9813,0.0265402
1.9853,0.0270048
1.9893,0.0292589
1.9933,0.031608
1.9973,0.0327511
2.0013,0.0332081
2.0053,0.0343133
2.0093,0.0355271
2.0133,0.0344172
2.0173,0.0326596
2.0213,0.030695
2.0253,0.0300108
2.0293,0.0267216
2.0333,0.025449
2.0373,0.0226745
2.0413,0.0200571
2.0453,0.02005
2.0493,0.0144673
2.0533,0.013523
2.0573,0.00908919
2.0613,0.00667355
2.0653,0.00372267
2.0693,-0.000311192
2.0733,-0.00196412
2.0773,-0.00334135
2.0813,-0.00515858
2.0853,-0.00626101
2.0893,-0.00653981
2.0933,-0.00743469
2.0973,-0.00816705
2.1013,-0.00668565
2.1053,-0.00833324
2.1093,-0.00712354
2.1133,-0.00523239
2.1173,-0.00570829
2.1213,-0.00307923
2.1253,-0.00257275
2.1293,-0.00172878
2.1333,-0.000666373
2.1373,0.00230798
2.1413,0.00213967
2.1453,0.00446247
2.1493,0.00452172
2.1533,0.00329968
2.1573,0.00394833
2.1613,0.00329635
2.1653,0.00478497
2.1693,0.0036642
2.1733,0.00257634
2.1773,0.00256111
2.1813,0.00187777
2.1853,0.000378364
2.1893,-0.000104095
2.1933,-0.00186419
2.1973,-0.00194633
2.2013,-0.00293616
2.2053,-0.00403246
2.2093,-0.00528074
2.2133,-0.00579544
2.2173,-0.00571629
2.2213,-0.00661362
2.2253,-0.0085459
2.2293,-0.00869332
2.2333,-0.00932729
2.2373,-0.0106865
2.2413,-0.00988667
2.2453,-0.00980564
2.2493,-0.0109707
2.2533,-0.0108949
2.2573,-0.0110417
2.2613,-0.0126537
2.2653,-0.0109734
2.2693,-0.0105548
2.2733,-0.0123903
2.2773,-0.013198
2.2813,-0.0118664
2.2853,-0.0118148
2.2893,-0.0115358
2.2933,-0.0113791
2.2973,-0.0130571
2.3013,-0.0119543
2.3053,-0.0110429
2.3093,-0.00979407
2.3133,-0.011271
2.3173,-0.00988189
2.3213,-0.0103201
2.3253,-0.00983888
2.3293,-0.0102306
2.3333,-0.00849788
2.3373,-0.0080033
2.3413,-0.00764947
2.3453,-0.0081944
2.3493,-0.00799608
2.3533,-0.00794572
2.3573,-0.00693455
2.3613,-0.0065924
2.3653,-0.00470691
2.3693,-0.00360648
2.3733,-0.00222425
2.3773,0.000450505
2.3813,0.000574798
2.3853,0.00190833
2.3893,0.00794375
2.3933,0.00860762
2.3973,0.0108094
2.4013,0.0118951
2.4053,0.0153986
2.4093,0.0184909
2.4133,0.0190764
2.4173,0.0207557
2.4213,0.0221671
2.4253,0.0214687
2.4293,0.0238858
2.4333,0.0241136
2.4373,0.0235717
2.4413,0.0258578
2.4453,0.0258553
2.4493,0.023803
2.4533,0.0232263
2.4573,0.0220597
2.4613,0.0206623
2.4653,0.0186263
2.4693,0.0177712
2.4733,0.0165481
2.4773,0.0147713
2.4813,0.0114728
2.4853,0.0100468
2.4893,0.0076446
2.4933,0.00413243
2.4973,0.00299831
2.5013,0.0015317
2.5053,-0.000629132
2.5093,-0.00273673
2.5133,-0.00509255
2.5173,-0.0061943
2.5213,-0.00941278
2.5253,-0.00905949
2.5293,-0.00957163
2.5333,-0.00758766
2.5373,-0.00854235
2.5413,-0.0103825
2.5453,-0.00788713
2.5493,-0.00654593
2.5533,-0.00805055
2.5573,-0.00659361
2.5613,-0.00699714
2.5653,-0.00446213
2.5693,-0.00342818
2.5733,-0.00266001
2.5773,-0.00356269
2.5813,-0.00241267
2.5853,-0.00417998
2.5893,-0.00313236
2.5933,-0.00336825
2.5973,-0.00252884
2.6013,-0.00244513
2.6053,-0.0010122
2.6093,-0.00108981
2.6133,-0.000479166
2.6173,-0.00323363
2.6213,-0.003078
2.6253,-0.00427369
2.6293,-0.0048133
2.6333,-0.00345052
2.6373,-0.00385394
2.6413,-0.00306366
2.6453,-0.00300285
2.6493,-0.00398889
2.6533,-0.00441088
2.6573,-0.00531209
2.6613,-0.00423212
2.6653,-0.00450103
2.6693,-0.00504508
2.6733,-0.00447735
2.6773,-0.00471759
2.6813,-0.00518092
2.6853,-0.00455639
2.6893,-0.00252773
2.6933,-0.0019221
2.6973,-0.00293871
2.7013,-0.0047337
2.7053,-0.00188575
2.7093,-0.00216422
2.7133,-0.00357368
2.7173,-0.00292459
2.7213,-0.00179704
2.7253,-0.00209251
2.7293,-0.0039173
2.7333,-0.00319406
2.7373,-0.00205006
2.7413,-0.000579668
2.7453,-0.00129724
2.7493,-0.00141663
2.7533,-0.000332766
2.7573,-0.00178203
2.7613,-0.000305309
2.7653,-5.12862e-05
2.7693,0.000386253
2.7733,-0.000481284
2.7773,-0.000321867
2.7813,-0.00163174
2.7853,-0.00156192
2.7893,-0.000242717
2.7933,0.000796683
2.7973,0.00137963
2.8013,0.00183553
2.8053,0.00106881
2.8093,0.00243748
2.8133,0.0039022
2.8173,0.00586739
2.8213,0.00587316
2.8253,0.0068849
2.8293,0.00714946
2.8333,0.0070174
2.8373,0.00947961
2.8413,0.0110327
2.8453,0.0101842
2.8493,0.0122108
2.8533,0.0130869
2.8573,0.0126851
2.8613,0.012879
2.8653,0.0141858
2.8693,0.015009
2.8733,0.0155176
2.8773,0.0138755
2.8813,0.0143663
2.8853,0.0132761
2.8893,0.0122181
2.8933,0.0113638
2.8973,0.0110416
2.9013,0.00999353
2.9053,0.00955375
2.9093,0.00699406
2.9133,0.00742315
2.9173,0.00711711
2.9213,0.00535225
2.9253,0.00269361
2.9293,0.000652277
2.9333,-0.000907937
2.9373,-0.00161505
2.9413,-0.00296339
2.9453,-0.00493568
2.9493,-0.0040916
2.9533,-0.00672434
2.9573,-0.00703728
2.9613,-0.00772905
2.9653,-0.00781289
2.9693,-0.00887963
2.9733,-0.00995659
2.9773,-0.00952672
2.9813,-0.00879613
2.9853,-0.00611104
2.9893,-0.00861416
2.9933,-0.00592484
2.9973,-0.00743135
3.0013,-0.00695713
3.0053,-0.00597031
3.0093,-0.00571885
3.0133,-0.00479261
3.0173,-0.00349465
3.0213,-0.0020426
3.0253,-0.00313014
3.0293,-0.00312192
3.0333,-0.00281387
3.0373,-0.00265791
3.0413,-0.00243969
3.0453,-0.000919046
3.0493,-0.00165752
3.0533,-0.00303931
3.0573,-0.00291315
3.0613,-0.00184162
3.0653,-0.00334179
3.0693,-0.00320829
3.0733,-0.00208884
3.0773,-0.0031278
3.0813,-0.00233819
3.0853,-0.0019987
3.0893,-0.00250294
3.0933,-0.000476726
3.0973,-0.00211519
3.1013,-0.00245091
3.1053,0.000343799
3.1093,0.000690187
3.1133,-0.000748075
3.1173,0.000543329
3.1213,0.00114251
3.1253,0.000848265
3.1293,0.00279611
3.1333,0.00213823
3.1373,0.00296575
3.1413,0.00287671
3.1453,0.00267326
3.1493,0.00257512
3.1533,0.0023281
3.1573,0.00417555
3.1613,0.0027851
3.1653,0.00375725
3.1693,0.00242593
3.1733,0.00325766
3.1773,0.0020384
3.1813,0.00200282
3.1853,0.000624597
3.1893,-0.000536532
3.1933,-0.00043681
3.1973,4.65282e-05
3.2013,0.000439062
3.2053,0.000318558
3.2093,-0.000921275
3.2133,0.000642716
3.2173,9.63396e-05
3.2213,-0.000284627
3.2253,-0.00107891
3.2293,-0.0010739
3.2333,-0.00205093
3.2373,-0.00149967
3.2413,0.00115531
3.2453,0.000476414
3.2493,0.0012818
3.2533,0.00195203
3.2573,0.00145489
3.2613,0.000442951
3.2653,0.00328
3.2693,0.00381627
3.2733,0.0037837
3.2773,0.00469293
3.2813,0.00659897
3.2853,0.00710777
3.2893,0.00574199
3.2933,0.00819775
3.2973,0.00881117
3.3013,0.00862029
3.3053,0.00841608
3.3093,0.00866043
3.3133,0.00904728
3.3173,0.00877147
3.3213,0.00755911
3.3253,0.00753009
3.3293,0.00755277
3.3333,0.00618766
3.3373,0.00688178
3.3413,0.00654261
3.3453,0.00473227
3.3493,0.00388297
3.3533,0.00315183
3.3573,0.00222105
3.3613,0.000867053
3.3653,-0.000685829
3.3693,-0.000774653
3.3733,7.46539e-05
3.3773,-0.000580658
3.3813,-0.00390052
3.3853,-0.00231896
3.3893,-0.00377334
3.3933,-0.003755
3.3973,-0.00496081
3.4013,-0.00525451
3.4053,-0.00543771
3.4093,-0.00427047
3.4133,-0.00367218
3.4173,-0.00483242
3.4213,-0.00352677
3.4253,-0.00260932
3.4293,-0.00411474
3.4333,-0.00221413
3.4373,-0.00215066
3.4413,9.38874e-05
3.4453,-0.00188086
3.4493,-0.000732953
3.4533,0.000197275
3.4573,0.000773895
3.4613,0.000658717
3.4653,-0.0011365
3.4693,-0.000579779
3.4733,0.00098233
3.4773,0.000286098
3.4813,0.000286544
3.4853,-0.00181727
3.4893,-0.000883366
3.4933,0.000255421
3.4973,-0.00112393
3.5013,-0.000465939
3.5053,-0.000218703
3.5093,-0.000373673
3.5133,0.000815247
3.5173,0.00119743
3.5213,0.000895946
3.5253,0.000760111
3.5293,0.000737546
3.5333,0.000331562
3.5373,0.00142654
3.5413,0.00216046
3.5453,0.00189266
3.5493,0.00207197
3.5533,0.00216357
3.5573,0.00232821
3.5613,0.00216591
3.5653,0.00186309
3.5693,0.00279399
3.5733,0.00412498
3.5773,0.00497374
3.5813,0.00319852
3.5853,0.00398691
3.5893,0.00393322
3.5933,0.00223272
3.5973,0.00348133
3.6013,0.00263613
3.6053,0.00360717
3.6093,0.00415723
3.6133,0.00375847
3.6173,0.00155406
3.6213,0.00278844
3.6253,0.000960545
3.6293,-0.000972523
3.6333,0.000985327
3.6373,0.000914622
3.6413,0.000101009
3.6453,0.00158274
3.6493,3.07501e-05
3.6533,-0.00247715
3.6573,0.00043095
3.6613,-0.000295302
3.6653,0.000990442
3.6693,0.000292761
3.6733,7.98803e-05
3.6773,-0.000130548
3.6813,-0.000555319
3.6853,0.000355353
3.6893,0.000810801
3.6933,0.000941968
3.6973,0.0012847
3.7013,0.0014202
3.7053,0.000662841
3.7093,0.00206619
3.7133,0.00336639
3.7173,0.00252986
3.7213,0.00265349
3.7253,0.00365619
3.7293,0.00181774
3.7333,0.00182219
3.7373,0.00192011
3.7413,0.00280922
3.7453,0.0022206
3.7493,0.00317663
3.7533,0.00203172
3.7573,0.00191001
3.7613,0.00035757
3.7653,0.000598465
3.7693,0.00237835
3.7733,0.00257011
3.7773,0.00182074
3.7813,0.00312093
3.7853,0.000862384
3.7893,0.00224205
3.7933,0.00060903
3.7973,-0.00197279
3.8013,-0.00112826
3.8053,-0.000962739
3.8093,-0.00280809
3.8133,-0.00228394
3.8173,-0.00281209
3.8213,-0.00362916
3.8253,-0.00336336
3.8293,-0.00378212
3.8333,-0.0041214
3.8373,-0.00314214
3.8413,-0.00248371
3.8453,-0.00279553
3.8493,-0.00127745
3.8533,-0.000343206
3.8573,-0.00147321
3.8613,-0.00234264
3.8653,-0.00279209
3.8693,-0.00110581
3.8733,-0.00190854
3.8773,-0.00286623
3.8813,0.00032345
3.8853,-0.000358997
3.8893,-0.00201648
3.8933,-0.000996872
3.8973,-0.000554316
3.9013,0.000310224
3.9053,-0.0013915
3.9093,0.000249749
3.9133,0.00069119
3.9173,0.000461961
3.9213,0.00128725
3.9253,-0.000182465
3.9293,-0.000110101
3.9333,0.000653615
3.9373,0.000194724
3.9413,-0.000209253
3.9453,-0.000322313
3.9493,-0.00045504
3.9533,-0.00149799
3.9573,-0.00257253
3.9613,-0.000166576
3.9653,0.00186865
3.9693,0.000664724
3.9733,-0.000390788
3.9773,0.00134962
3.9813,0.00122466
3.9853,0.00096187
3.9893,0.00167734
3.9933,0.00234466
3.9973,0.0015565
4.0013,0.00269639
4.0053,0.00281012
4.0093,0.00219348
4.0133,0.00347655
4.0173,0.00482221
4.0213,0.00293684
4.0253,0.00384885
4.0293,0.0043154
4.0333,0.00362717
4.0373,0.00511201
4.0413,0.00465424
4.0453,0.00183763
4.0493,0.00313149
4.0533,0.00438633
4.0573,0.00424304
4.0613,0.0030858
4.0653,0.0012329
4.0693,0.00123056
4.0733,0.000930301
4.0773,0.00171869
4.0813,0.00108883
4.0853,-0.00076664
4.0893,-0.00123398
4.0933,0.000470742
4.0973,-0.00172567
4.1013,-0.00397055
4.1053,-0.00171
4.1093,-0.00163229
4.1133,-0.00266368
4.1173,-0.00179081
4.1213,-0.00240667
4.1253,-0.000706611
4.1293,0.000432498
4.1333,-7.68607e-05
4.1373,0.000106334
4.1413,-2.83869e-05
4.1453,0.0011603
4.1493,0.00161097
4.1533,0.00104813
4.1573,0.00309681
4.1613,0.00152192
4.1653,0.00138241
4.1693,0.00188021
4.1733,0.000233067
4.1773,0.00117531
4.1813,0.0028021
4.1853,0.00112229
4.1893,0.0020514
4.1933,0.00245372
4.1973,0.00149859
4.2013,0.00204485
4.2053,0.00203473
4.2093,0.0015067
4.2133,0.00104902
4.2173,0.000360245
4.2213,0.000398489
4.2253,-0.000130994
4.2293,0.000289653
4.2333,-0.00144475
4.2373,-0.00203216
4.2413,0.000733323
4.2453,-6.94051e-05
4.2493,-2.13895e-05
4.2533,-0.000830012
4.2573,-0.00124666
4.2613,-0.0028869
4.2653,-0.000967854
4.2693,-0.00132347
4.2733,-0.00157182
4.2773,-0.00118241
4.2813,-0.00151101
4.2853,-0.00173133
4.2893,-0.000659252
4.2933,-0.000574206
4.2973,-0.000636798
4.3013,0.000383368
4.3053,-0.000533968
4.3093,-0.000199358
4.3133,0.0016272
4.3173,0.00232054
4.3213,0.000998554
4.3253,0.000873158
4.3293,-2.50554e-05
4.3333,0.000814467
4.3373,-0.000453492
4.3413,-0.000521856
4.3453,0.000495648
4.3493,7.67717e-05
4.3533,0.00110761
4.3573,0.000737657
4.3613,-0.000122771
4.3653,0.000957424
4.3693,0.000756333
4.3733,-6.41911e-05
4.3773,0.000130237
4.3813,0.000183602
4.3853,0.00124056
4.3893,-0.00108513
4.3933,0.000844711
4.3973,0.000965536
4.4013,-0.000823003
4.4053,0.000914957
4.4093,-0.000189685
4.4133,0.000647051
4.4173,-0.00122832
4.4213,-0.00130457
4.4253,-0.000617565
4.4293,0.0019687
4.4333,0.00228986
4.4373,0.00167112
4.4413,0.002126
4.4453,0.0018154
4.4493,0.00242171
4.4533,0.0027691
4.4573,0.00128658
4.4613,0.00174938
4.4653,0.00328156
4.4693,0.000538214
4.4733,0.00111394
4.4773,0.00211788
4.4813,0.00256755
4.4853,0.000312663
4.4893,0.000820251
4.4933,0.00304912
4.4973,-0.000899268
4.5013,0.00115808
4.5053,0.0017994
4.5093,-0.000175133
4.5133,-0.00145165
4.5173,-0.00228283
4.5213,-0.00138283
4.5253,-0.000100429
4.5293,-0.00108358
4.5333,-0.00265657
4.5373,-0.00341761
4.5413,-0.00327388
4.5453,-0.00139084
4.5493,-0.00259087
4.5533,-0.00282987
4.5573,-0.00123987
4.5613,-0.00109758
4.5653,-0.00145921
4.5693,-3.20652e-05
4.5733,-0.000989973
4.5773,-0.00121031
4.5813,0.00180273
4.5853,0.00245895
4.5893,0.0020275
4.5933,0.00057112
4.5973,0.00464023
4.6013,0.00312371
4.6053,0.00114041
4.6093,0.00151103
4.6133,0.00166989
4.6173,0.00198326
4.6213,-0.000268291
4.6253,0.00203662
4.6293,0.00161541
4.6333,0.00168234
4.6373,0.00203195
4.6413,0.00146012
4.6453,0.00149502
4.6493,0.00278744
4.6533,0.00033934
4.6573,0.00217258
4.6613,0.00164298
4.6653,0.0010429
4.6693,0.00377325
4.6733,0.00198293
4.6773,0.00132438
4.6813,0.00213545
4.6853,0.00188655
4.6893,0.00261891
4.6933,0.00153226
4.6973,0.00156794
4.7013,0.00159963
4.7053,0.000521655
4.7093,0.00313694
4.7133,0.00220182
4.7173,0.00193802
4.7213,0.0022057
4.7253,0.00213846
4.7293,0.00152149
4.7333,0.00280455
4.7373,0.003719
4.7413,0.00165399
4.7453,0.000858049
4.7493,0.00219525
4.7533,-0.000291191
4.7573,0.000259409
4.7613,-0.00066537
4.7653,0.00119566
4.7693,0.00108637
4.7733,0.00111495
4.7773,0.000421835
4.7813,0.00179428
4.7853,4.90919e-05
4.7893,-0.000279066
4.7933,-0.00070484
4.7973,0.000267756
4.8013,0.00114975
4.8053,-0.000309755
4.8093,-0.000547542
4.8133,-0.000120108
4.8173,-0.000363443
4.8213,0.000142696
4.8253,6.20958e-05
4.8293,-0.00226805
4.8333,-0.00123176
4.8373,-0.000148333
4.8413,-0.00204104
4.8453,-0.00194311
4.8493,-0.000870696
4.8533,0.000463856
4.8573,-0.00143097
4.8613,-1.09368e-05
4.8653,0.000649057
4.8693,0.000130459
4.8733,-0.000322313
4.8773,3.96197e-06
4.8813,0.000376246
4.8853,-0.000247943
4.8893,-0.000376001
4.8933,0.00133828
4.8973,0.000213511
4.9013,-0.000524296
4.9053,0.00160752
4.9093,-0.000143998
4.9133,4.0757e-05
4.9173,0.00120466
4.9213,0.000688403
4.9253,0.000113567
4.9293,-0.00101298
4.9333,-0.000839127
4.9373,-0.00128913
4.9413,-0.00163018
4.9453,-0.000464713
4.9493,-0.00215666
4.9533,-0.000750193
4.9573,-0.000630024
4.9613,-0.000304529
4.9653,-0.000778529
4.9693,-0.00173545
4.9733,-0.000348111
4.9773,-0.00052063
4.9813,-0.000763866
4.9853,-0.00190331
4.9893,-0.00213309
4.9933,-0.00180871
4.9973,-0.00195989
5.0013,0.000168481
5.0053,0.000931082
5.0093,4.3977e-05
5.0133,-0.000839239
5.0173,0.00111039
5.0213,0.000911068
5.0253,0.00197926
5.0293,-2.80525e-05
5.0333,0.000645602
5.0373,0.00209232
5.0413,-0.00043203
5.0453,0.000265094
5.0493,8.24439e-05
5.0533,0.00105436
5.0573,0.00162075
5.0613,0.00231142
5.0653,0.00172903
5.0693,0.00133917
5.0733,-6.50704e-05
5.0773,-0.000473382
5.0813,0.000228063
5.0853,-0.000266285
5.0893,-0.00170144
5.0933,-0.00110547
5.0973,-0.00208551
5.1013,-0.0020784
5.1053,-0.00119641
5.1093,-0.000114436
5.1133,-0.000985973
5.1173,-0.000695836
5.1213,0.00054022
5.1253,-0.000130883
5.1293,0.000525879
5.1333,-0.000254173
5.1373,0.000883165
5.1413,0.000947083
5.1453,0.000179045
5.1493,-0.000548087
5.1533,-0.000337101
5.1573,0.000284761
5.1613,-0.000678151
5.1653,0.000626381
5.1693,0.00110806
5.1733,0.000335117
5.1773,0.000649045
5.1813,0.000897395
5.1853,0.000440176
5.1893,0.00102601
5.1933,0.000355688
5.1973,-0.000109098
5.2013,0.000731651
5.2053,0.000291213
5.2093,0.000128466
5.2133,-0.000532977
5.2173,6.23187e-05
5.2213,-0.000215929
5.2253,-0.00036945
5.2293,-0.00247403
5.2333,-0.000726067
5.2373,0.000661727
5.2413,0.000592806
5.2453,0.000254975
5.2493,-0.000547864
5.2533,-0.00160082
5.2573,-0.00175412
5.2613,-0.000184694
5.2653,-0.00172222
5.2693,-0.000836229
5.2733,2.69728e-05
5.2773,0.000156814
5.2813,0.000204384
5.2853,0.00184663
5.2893,0.000275423
5.2933,0.000831471
5.2973,-5.99679e-05
5.3013,0.000458853
5.3053,0.00161997
5.3093,0.00106615
5.3133,0.000806244
5.3173,0.00192312
5.3213,0.00163142
5.3253,0.00141087
5.3293,0.00227851
5.3333,0.00206041
5.3373,0.00162053
5.3413,0.00136073
5.3453,0.00148146
5.3493,0.000401598
5.3533,0.00023485
5.3573,-0.000865693
5.3613,-3.31674e-05
5.3653,0.00193914
5.3693,-8.6979e-05
5.3733,0.000103894
5.3773,-0.000407136
5.3813,-0.00115261
5.3853,-0.00203827
5.3893,-0.000237156
5.3933,-0.000945958
5.3973,-0.00128945
5.4013,-0.00049051
5.4053,-0.000369227
5.4093,-0.000878139
5.4133,-0.00179782
5.4173,-0.000441591
5.4213,-0.000232722
5.4253,-0.000311415
5.4293,0.000739094
5.4333,-0.000757636
5.4373,-0.000454495
5.4413,0.000306991
5.4453,-0.000216709
5.4493,-0.00156859
5.4533,0.000629935
5.4573,0.00101111
5.4613,-0.000211371
5.4653,0.000176593
5.4693,8.85496e-05
5.4733,2.88553e-05
5.4773,1.09593e-05
5.4813,0.000632375
5.4853,-0.000614568
5.4893,0.00061459
5.4933,0.000312886
5.4973,0.000464178
5.5013,0.000866941
5.5053,0.000817353
5.5093,0.000294433
5.5133,-0.00129235
5.5173,-0.000517521
5.5213,-0.0011823
5.5253,-0.000953624
5.5293,0.000695302
5.5333,0.000203059
5.5373,-0.000459164
5.5413,0.00088506
5.5453,0.000576904
5.5493,-0.000473939
5.5533,-6.25192e-05
5.5573,0.000883165
5.5613,-0.000116876
5.5653,-0.000512295
5.5693,0.00116764
5.5733,1.08479e-05
5.5773,-0.00115105
5.5813,0.000346238
5.5853,0.00143199
5.5893,0.000910176
5.5933,0.00129393
5.5973,0.000551775
5.6013,-0.000450706
5.6053,0.00194525
5.6093,0.00149502
5.6133,0.00103369
5.6173,0.000449514
5.6213,0.000287089
5.6253,5.34265e-05
5.6293,0.000501208
5.6333,0.00121366
5.6373,-0.000366787
5.6413,0.000100674
5.6453,0.000596249
5.6493,0.00101256
5.6533,0.000496527
5.6573,-0.00175446
5.6613,-0.000542092
5.6653,-0.000401241
5.6693,0.000438059
5.6733,-0.000182019
5.6773,0.000296216
5.6813,0.000739428
5.6853,0.000681393
5.6893,0.0017367
5.6933,0.00169223
5.6973,0.000609587
5.7013,0.00132916
5.7053,0.00278632
5.7093,0.00174237
5.7133,0.00215323
5.7173,0.000581796
5.7213,0.00018172
5.7253,-0.000518301
5.7293,-0.000891924
5.7333,-0.000128109
5.7373,0.000134794
5.7413,-0.000565215
5.7453,-0.000803992
5.7493,0.00105581
5.7533,-0.000408573
5.7573,-0.0027962
5.7613,-0.00122486
5.7653,-0.000196361
5.7693,-0.001276
5.7733,-0.000819671
5.7773,-0.000586888
5.7813,-0.000678039
5.7853,-6.65194e-05
5.7893,0.00138153
5.7933,-0.000521187
5.7973,-0.00107602
5.8013,-0.000559431
5.8053,0.000237179
5.8093,0.000115684
5.8133,0.000972211
5.8173,0.000466519
5.8213,-0.000442148
5.8253,-8.3759e-05
5.8293,-0.000247609
5.8333,0.000154374
5.8373,-0.00147433
5.8413,-0.00162761
5.8453,-0.000369115
5.8493,-5.25123e-05
5.8533,-0.00165174
5.8573,-0.000347776
5.8613,-4.78433e-05
5.8653,-0.00222058
5.8693,-0.00263023
5.8733,-0.000739071
5.8773,-0.00134704
5.8813,0.000639496
5.8853,-9.00875e-05
5.8893,-0.000516852
5.8933,0.000525879
5.8973,0.00202417
5.9013,-0.000812438
5.9053,-0.00187141
5.9093,0.00121067
5.9133,-0.000237713
5.9173,-0.00183005
5.9213,4.3977e-05
5.9253,0.00276821
5.9293,0.000138918
5.9333,0.00135495
5.9373,0.00256399
5.9413,0.000337792
5.9453,0.00168178
5.9493,0.00203717
5.9533,0.000891178
5.9573,0.00250875
5.9613,0.00165276
5.9653,0.000109789
5.9693,0.00061225
5.9733,0.00243493
5.9773,0.00119843
5.9813,0.000301765
5.9853,0.00172235
5.9893,0.00148179
5.9933,0.00167944
5.9973,0.00192156
6.0013,0.000161149
6.0053,-0.000530302
6.0093,-0.00105934
6.0133,-0.000523193
6.0173,0.000732208
6.0213,-0.0012342
6.0253,8.91069e-05
6.0293,0.000743206
6.0333,0.00140298
6.0373,0.000499982
6.0413,-0.000639139
6.0453,0.00192512
6.0493,0.000736877
6.0533,-0.000276069
6.0573,-7.20802e-05
6.0613,-0.000226158
6.0653,0.000563119
6.0693,-0.000147231
6.0733,0.00209631
6.0773,0.000953758
6.0813,-0.000539529
6.0853,1.08479e-05
6.0893,0.00042238
6.0933,0.00100668
6.0973,0.000443396
6.1013,0.000272203
6.1053,0.000631706
6.1093,0.00113074
6.1133,-0.00143331
6.1173,-0.00136527
6.1213,-0.00167832
6.1253,-0.00190842
6.1293,-0.00148032
6.1333,-0.00172856
6.1373,-0.00125388
6.1413,-0.000422803
6.1453,-0.00130213
6.1493,-0.00166541
6.1533,-9.06449e-05
6.1573,-0.0026927
6.1613,-0.00126534
6.1653,-0.000388126
6.1693,-0.00174901
6.1733,-0.00057911
6.1773,-0.000590219
6.1813,0.000122459
6.1853,-0.000145559
6.1893,-0.000896704
6.1933,-0.00048573
6.1973,0.00169646
6.2013,0.00059636
6.2053,0.00148379
6.2093,0.00108827
6.2133,0.000545781
6.2173,0.000806467
6.2213,0.00138497
6.2253,0.000222726
6.2293,0.00177193
6.2333,0.00204396
6.2373,0.00104069
6.2413,-0.00040913
6.2453,0.000351019
6.2493,0.00100968
6.2533,9.8222e-05
6.2573,0.000570786
6.2613,1.77338e-05
6.2653,-0.000417354
6.2693,-0.000949624
6.2733,0.000376581
6.2773,1.79691e-05
6.2813,-1.09368e-05
6.2853,-0.000457715
6.2893,0.000416608
6.2933,0.000417933
6.2973,0.000692069
6.3013,0.000512317
6.3053,-0.000291859
6.3093,0.00100689
6.3133,-0.000752075
6.3173,-0.000114882
6.3213,0.00049265
6.3253,-0.000552533
6.3293,0.000281652
6.3333,-0.00102677
6.3373,-0.00137116
6.3413,0.000532665
6.3453,-0.00132347
6.3493,-0.000879923
6.3533,-1.32775e-05
6.3573,-0.000639473
6.3613,-0.000383903
6.3653,-0.00159349
6.3693,-0.00116961
6.3733,-0.00107802
6.3773,-0.000301965
6.3813,-0.000277183
6.3853,-0.000856355
6.3893,-0.00183228
6.3933,-0.000711726
6.3973,0.00125879
6.4013,0.000126125
6.4053,-1.46027e-05
6.4093,0.00161463
6.4133,0.000374698
6.4173,0.00187788
6.4213,0.00164932
6.4253,0.000338461
6.4293,9.62281e-05
6.4333,0.00142932
6.4373,0.000384804
6.4413,0.000383479
6.4453,0.000204495
6.4493,-0.000528965
6.4533,-0.00108257
6.4573,-0.000113098
6.4613,-0.00138283
6.4653,-0.00265691
6.4693,-0.00195467
6.4733,-0.000727281
6.4773,-0.001958
6.4813,-0.0014084
6.4853,-0.000726625
6.4893,-0.00117006
6.4933,0.000663398
6.4973,0.000879499
6.5013,0.00118865
6.5053,0.00138241
6.5093,0.0019588
6.5133,0.00199238
6.5173,0.000986776
6.5213,0.00070085
6.5253,-6.53057e-05
6.5293,-0.000754639
6.5333,-0.00120075
6.5373,-0.000684046
6.5413,0.00104714
6.5453,-0.000352321
6.5493,0.00071965
6.5533,0.00138508
6.5573,0.000773003
6.5613,0.00216657
6.5653,0.000936308
6.5693,0.00138785
6.5733,0.00155495
6.5773,0.00109906
6.5813,0.00117953
6.5853,0.000965202
6.5893,0.00137241
6.5933,0.00190255
6.5973,0.000865604
6.6013,0.000194947
6.6053,-0.000963742
6.6093,0.000254418
6.6133,-0.0010649
6.6173,0.000380259
6.6213,0.00219659
6.6253,0.000634604
6.6293,0.000177484
6.6333,0.00178195
6.6373,0.00227619
6.6413,0.00136996
6.6453,0.00115553
6.6493,0.000527216
6.6533,-0.000643139
6.6573,-0.000826
6.6613,-0.000276738
6.6653,-2.10551e-05
6.6693,1.05135e-05
6.6733,0.000143141
6.6773,0.000451731
6.6813,0.00038281
6.6853,0.000148801
6.6893,0.00186909
6.6933,0.000466296
6.6973,-0.0012212
6.7013,0.000153582
6.7053,-0.000484838
6.7093,-0.000187134
6.7133,-0.00196723
6.7173,-0.000271957
6.7213,-0.000287735
6.7253,-0.00148
6.7293,-0.00193355
6.7333,-0.00111359
6.7373,0.000769449
6.7413,-0.000513187
6.7453,-0.000236388
6.7493,-0.000958516
6.7533,-0.00103611
6.7573,-0.00100731
6.7613,-0.00118218
6.7653,-0.000943171
6.7693,-0.00125622
6.7733,0.00087327
6.7773,0.000363911
6.7813,0.00194636
6.7853,0.0035875
6.7893,0.00199638
6.7933,0.00163254
6.7973,0.00155972
6.8013,0.0012927
6.8053,0.000388817
6.8093,0.00222717
6.8133,0.000899179
6.8173,0.000589796
6.8213,0.00129436
6.8253,0.00203285
6.8293,0.00111472
6.8333,-0.000614902
6.8373,6.56626e-05
6.8413,-0.000448266
6.8453,-0.000164792
6.8493,0.000179268
6.8533,0.00184042
6.8573,0.00127003
6.8613,-0.000277741
6.8653,-0.000487501
6.8693,0.000140132
6.8733,-0.000580993
6.8773,0.000349025
6.8813,0.000444623
6.8853,0.00127548
6.8893,0.000593251
6.8933,0.000238293
6.8973,0.000764879
6.9013,0.000391034
6.9053,-0.000597006
6.9093,-0.000181908
6.9133,0.00014947
6.9173,-0.0010619
6.9213,-0.00160683
6.9253,-0.000215483
6.9293,0.000562339
6.9333,-6.20733e-05
6.9373,-0.00055309
6.9413,-0.000985862
6.9453,-0.000104763
6.9493,-0.000770529
6.9533,-0.0020426
6.9573,-0.00136482
6.9613,-0.000441813
6.9653,-0.00158038
6.9693,-0.00213788
6.9733,-0.00183706
6.9773,-0.00301163
6.9813,-0.00246514
6.9853,-0.00146309
6.9893,-0.00214865
6.9933,-0.000281072
6.9973,-0.00117307
7.0013,-0.00227227
7.0053,-0.000868021
7.0093,-9.71075e-06
7.0133,-0.000256278
7.0173,-0.000151565
7.0213,-3.95084e-05
7.0253,-0.000332766
7.0293,-0.00117774
7.0333,0.000244077
7.0373,-0.00225259
7.0413,-0.00238655
7.0453,-0.00209429
7.0493,-0.00109469
7.0533,-0.0014761
7.0573,-0.00135971
7.0613,-0.000864132
7.0653,-0.00117839
7.0693,-0.000197475
7.0733,0.000865938
7.0773,0.00130037
7.0813,-0.000118548
7.0853,2.13006e-05
7.0893,0.000369918
7.0933,0.00109471
7.0973,-0.000725956
7.1013,-0.00135716
7.1053,-0.0006487
7.1093,-0.000558762
7.1133,0.000600026
7.1173,-0.000757636
7.1213,0.0010517
7.1253,0.00182985
7.1293,0.000631706
7.1333,-0.000982307
7.1373,-0.000599223
7.1413,0.00142188
7.1453,0.00292262
7.1493,0.0015216
7.1533,0.0013544
7.1573,0.0012947
7.1613,-0.000459709
7.1653,0.000178599
7.1693,0.000910399
7.1733,0.000545446
7.1773,0.00122311
7.1813,0.00215868
7.1853,0.0011901
7.1893,0.000807135
7.1933,0.00110916
7.1973,0.00070786
7.2013,0.000310558
7.2053,0.00264314
7.2093,0.00242171
7.2133,0.000938636
7.2173,0.00215135
7.2213,0.00167589
7.2253,0.000858049
7.2293,-0.000349324
7.2333,-0.000604227
7.2373,0.00240692
7.2413,0.00102035
7.2453,0.000422937
7.2493,0.00195681
7.2533,0.00150536
7.2573,0.00179451
7.2613,0.000717644
7.2653,0.000917966
7.2693,0.000312552
7.2733,0.000562116
7.2773,0.000153805
7.2813,-0.000160012
7.2853,0.000831026
7.2893,0.000847262
7.2933,0.000142361
7.2973,-0.000458273
7.3013,0.00118476
7.3053,0.000910176
7.3093,0.00150925
7.3133,0.000803123
7.3173,-5.5076e-05
7.3213,-0.000154117
7.3253,0.000551453
7.3293,0.000639385
7.3333,-6.81914e-05
7.3373,0.000139129
7.3413,0.000717966
7.3453,-0.000355888
7.3493,0.00110361
7.3533,0.000738314
7.3573,0.000887277
7.3613,-0.000993528
7.3653,0.00042394
7.3693,-0.000445591
7.3733,-0.000888369
7.3773,0.000204718
7.3813,0.000510323
7.3853,0.000100897
7.3893,0.00074432
7.3933,-0.00236854
7.3973,-0.00196456
7.4013,-0.000309086
7.4053,0.00103036
7.4093,-0.000681383
7.4133,-0.000387234
7.4173,0.000882608
7.4213,-0.000623572
7.4253,0.000858371
7.4293,0.0020405
7.4333,0.00125358
7.4373,0.000104117
7.4413,0.00114352
7.4453,0.00285225
7.4493,0.00130738
7.4533,0.000432609
7.4573,0.00258622
7.4613,0.00144689
7.4653,0.000545892
7.4693,0.00176783
7.4733,0.00104292
7.4773,-0.000415025
7.4813,0.00031623
7.4853,0.000977995
7.4893,0.00073632
7.4933,-5.15092e-05
7.4973,0.000974094
7.5013,0.000417166
7.5053,-0.000328989
7.5093,0.000308552
7.5133,0.000883388
7.5173,0.00123333
7.5213,0.00245171
7.5253,0.00367721
7.5293,0.00204818
7.5333,0.00125924
7.5373,0.00172235
7.5413,0.00285491
7.5453,0.00121856
7.5493,0.00100101
7.5533,0.00223106
7.5573,0.000597363
7.5613,-0.00124166
7.5653,-0.00171578
7.5693,-0.000236834
7.5733,-0.000827226
7.5773,0.00090573
7.5813,0.000987445
7.5853,-0.00049617
7.5893,0.000580792
7.5933,-0.00184506
7.5973,-0.000922167
7.6013,0.000200829
7.6053,0.000369138
7.6093,-0.000424586
7.6133,0.000482966
7.6173,0.000918957
7.6213,-0.000808104
7.6253,-0.000189363
7.6293,-8.32016e-05
7.6333,-3.93969e-05
7.6373,-0.000544532
7.6413,-0.000107872
7.6453,0.000279534
7.6493,0.00127948
7.6533,0.00074432
7.6573,0.00105092
7.6613,0.000805798
7.6653,0.000440957
7.6693,-0.000194255
7.6733,-0.000972746
7.6773,-0.000897261
7.6813,-0.000699168
7.6853,-0.000444266
7.6893,0.00124268
7.6933,0.000895624
7.6973,0.00156561
7.7013,0.00153949
7.7053,0.00157573
7.7093,0.000136577
7.7133,0.00196948
7.7173,0.000444623
7.7213,-0.000216263
7.7253,0.00161887
7.7293,0.00131304
7.7333,0.00157173
7.7373,0.000176704
7.7413,0.000140132
7.7453,0.000106235
7.7493,0.000117901
7.7533,0.00175559
7.7573,0.000284092
7.7613,0.000478631
7.7653,0.000600806
7.7693,0.000496205
7.7733,0.00124201
7.7773,0.000840921
7.7813,0.000540332
7.7853,-0.000139441
7.7893,0.000284761
7.7933,0.00109327
7.7973,0.000189163
7.8013,-0.000430803
7.8053,-0.00100753
7.8093,0.000362908
7.8133,-0.00123076
7.8173,-0.000414022
7.8213,-0.000549536
7.8253,-9.93368e-06
7.8293,-6.36338e-05
7.8333,0.000878385
7.8373,0.00197192
7.8413,-0.000203482
7.8453,-0.00203804
7.8493,-0.000349993
7.8533,-0.000788313
7.8573,-0.000652923
7.8613,-0.000816451
7.8653,-0.000326314
7.8693,-0.000401018
7.8733,-0.00038924
7.8773,0.000764544
7.8813,0.000662172
7.8853,-0.0002714
7.8893,0.00145934
7.8933,0.00123911
7.8973,-0.000312975
7.9013,0.00107359
7.9053,0.00154216
7.9093,0.000757213
7.9133,0.000394254
7.9173,0.00156972
7.9213,-0.000146896
7.9253,0.00262825
7.9293,0.00301822
7.9333,8.41035e-05
7.9373,0.000326225
7.9413,-0.000365226
7.9453,0.000222069
7.9493,-0.00014245
7.9533,0.000625154
7.9573,0.000663498
7.9613,-0.00113583
7.9653,0.000284538
7.9693,0.00192323
7.9733,0.000694967
7.9773,0.00191211
7.9813,0.00214067
7.9853,0.00201117
7.9893,0.00271562
7.9933,0.00143878
7.9973,0.00192735
8.0013,0.00179728
8.0053,0.000550673
8.0093,0.00194357
8.0133,0.00197748
8.0173,0.00146167
8.0213,0.00253086
8.0253,0.00178861
8.0293,0.000376915
8.0333,0.000561448
8.0373,0.00130872
8.0413,8.70015e-05
8.0453,-0.000934168
8.0493,-0.00116651
8.0533,-0.00156937
8.0573,-8.84156e-05
8.0613,0.000272648
8.0653,0.000562451
8.0693,0.00112084
8.0733,0.000937745
8.0773,0.000154139
8.0813,0.0015237
8.0853,0.000237513
8.0893,0.00125902
8.0933,0.000800349
8.0973,0.00225574
8.1013,-5.1633e-05
8.1053,-0.000292962
8.1093,0.000174821
8.1133,-0.000351219
8.1173,0.000318336
8.1213,-0.000541969
8.1253,-0.000897484
8.1293,-0.000330648
8.1333,0.00113729
8.1373,-0.00013845
8.1413,0.000236398
8.1453,0.000810801
8.1493,-0.000685495
8.1533,0.000592806
8.1573,5.95446e-05
8.1613,-0.000580658
8.1653,0.000750996
8.1693,0.00108504
8.1733,0.00191111
8.1773,0.0010218
8.1813,0.00154004
8.1853,0.00149057
8.1893,0.000450518
8.1933,6.88826e-05
8.1973,0.00337528
8.2013,0.00242982
8.2053,0.00204685
8.2093,0.00288637
8.2133,0.00166366
8.2173,0.000788794
8.2213,0.00148879
8.2253,0.00262913
8.2293,0.000610813
8.2333,0.000120576
8.2373,0.000277317
8.2413,-0.00110703
8.2453,0.000791011
8.2493,0.000719315
8.2533,-0.00168976
8.2573,-0.000439151
8.2613,0.000131686
8.2653,-0.00111515
8.2693,-0.000961402
8.2733,-0.000541969
8.2773,-0.00164885
8.2813,0.000460289
8.2853,0.000760668
8.2893,-0.000947952
8.2933,0.000444623
8.2973,0.000802355
8.3013,-0.000270285
8.3053,0.00177394
8.3093,0.00141421
8.3133,-0.000535529
8.3173,-0.000812661
8.3213,-0.000593774
8.3253,-0.00158516
8.3293,-0.00087025
8.3333,-0.00120096
8.3373,-0.00168131
8.3413,-0.000979186
8.3453,-0.00277451
8.3493,-0.00306277
8.3533,-0.00136683
8.3573,-0.00111604
8.3613,-0.00122108
8.3653,-0.000462942
8.3693,-0.000758528
8.3733,0.00106282
8.3773,0.00167155
8.3813,0.00105447
8.3853,0.000373695
8.3893,0.00179873
8.3933,0.00115274
8.3973,-0.000479723
8.4013,0.00171113
8.4053,0.000408707
8.4093,0.000561448
8.4133,0.00127902
8.4173,-0.000431584
8.4213,0.000706299
8.4253,0.00160107
8.4293,0.00141598
8.4333,0.000286655
8.4373,0.00101801
8.4413,0.000288327
8.4453,-0.00057132
8.4493,-3.81708e-05
8.4533,0.00206887
8.4573,0.000955306
8.4613,0.000930747
8.4653,0.00216991
8.4693,0.000619482
8.4733,0.00156528
8.4773,0.00167412
8.4813,-0.000401353
8.4853,-0.00150934
8.4893,0.000356468
8.4933,-0.000686052
8.4973,-0.000457158
8.5013,-0.000316641
8.5053,-0.000366886
8.5093,-0.00125699
8.5133,0.000204941
8.5173,0.00073954
8.5213,-0.000972077
8.5253,-0.00210164
8.5293,-4.41774e-05
8.5333,-0.000570775
8.5373,-0.000589551
8.5413,0.00177249
8.5453,0.00147346
8.5493,0.000754996
8.5533,0.000666061
8.5573,0.00109772
8.5613,0.000776446
8.5653,0.00117053
8.5693,0.00146756
8.5733,0.00103358
8.5773,0.00193847
8.5813,0.00146234
8.5853,0.00131116
8.5893,-1.14942e-05
8.5933,0.000830258
8.5973,0.00200339
8.6013,0.00229219
8.6053,0.000970874
8.6093,0.000308663
8.6133,-0.000326314
8.6173,-0.0014492
8.6213,-0.00143397
8.6253,-0.000198701
8.6293,0.000544332
8.6333,0.00167021
8.6373,0.00105336
8.6413,0.0016999
8.6453,0.000152702
8.6493,-0.000636018
8.6533,-0.000518413
8.6573,0.00189289
8.6613,0.00203596
8.6653,0.000687957
8.6693,0.00134395
8.6733,0.00119665
8.6773,-0.00200158
8.6813,0.00154538
8.6853,0.00237357
8.6893,-0.000785204
8.6933,0.00107259
8.6973,0.00189422
8.7013,0.000745212
8.7053,0.000152479
8.7093,0.00143099
8.7133,0.00106915
8.7173,0.000731985
8.7213,-0.000266396
8.7253,0.00043895
8.7293,7.93353e-05
8.7333,0.000294099
8.7373,0.000393808
8.7413,0.000888057
8.7453,0.000973883
8.7493,0.00169646
8.7533,0.000640152
8.7573,-0.00113583
8.7613,0.00150447
8.7653,0.000675511
8.7693,0.000416831
8.7733,0.000578353
8.7773,0.00228763
8.7813,0.000875276
8.7853,0.00134628
8.7893,0.00153983
8.7933,0.00257977
8.7973,0.00208898
8.8013,-0.000333546
8.8053,0.000591245
8.8093,0.00185686
8.8133,0.00144933
8.8173,0.000417166
8.8213,0.00110494
8.8253,0.000524764
8.8293,0.00126391
8.8333,0.00151803
8.8373,0.00124302
8.8413,-8.70904e-05
8.8453,-0.000399346
8.8493,-0.00142408
8.8533,0.000208941
8.8573,-0.000204039
8.8613,-0.00049773
8.8653,-0.000897038
8.8693,-0.00102277
8.8733,-0.00048573
8.8773,0.000402824
8.8813,-0.000359554
8.8853,0.000359911
8.8893,0.00117832
8.8933,0.000163366
8.8973,0.00164731
8.9013,0.00113628
8.9053,0.000222515
8.9093,-0.000294299
8.9133,0.000814802
8.9173,0.000836921
8.9213,-0.00181283
8.9253,-0.000361548
8.9293,0.000148132
8.9333,-0.000180347
8.9373,-0.00106468
8.9413,-0.000537981
8.9453,0.000176271
8.9493,0.000745658
8.9533,-0.000913052
8.9573,-0.000217266
8.9613,-0.000421701
8.9653,-0.00026273
8.9693,-0.00139196
8.9733,-0.000632687
8.9773,-0.000168347
8.9813,0.00040971
8.9853,0.000638716
8.9893,-0.000490845
8.9933,-0.000596115
8.9973,0.00156984
9.0013,0.00129436
9.0053,0.00186899
9.0093,0.00158151
9.0133,0.000534548
9.0173,7.4109e-05
9.0213,-4.98496e-05
9.0253,0.00162019
9.0293,0.00130704
9.0333,0.00110228
9.0373,0.0017129
9.0413,0.00165866
9.0453,0.00127369
9.0493,0.000204607
9.0533,0.000738314
9.0573,0.000661392
9.0613,0.00168857
9.0653,0.000778007
9.0693,0.00164932
9.0733,0.000413822
9.0773,-0.000219372
9.0813,-0.000333757
9.0853,9.26737e-05
9.0893,6.32104e-05
9.0933,-0.000853135
9.0973,4.30853e-05
9.1013,-0.000942949
9.1053,-0.00110848
9.1093,0.000569015
9.1133,-0.000402579
9.1173,0.000202613
9.1213,0.000120465
9.1253,-0.000938948
9.1293,-0.00031487
9.1333,-0.000838124
9.1373,-0.000549201
9.1413,0.000487746
9.1453,0.000729322
9.1493,0.0010737
9.1533,-0.000810667
9.1573,-0.000559988
9.1613,0.00174993
9.1653,0.000978887
9.1693,0.000805352
9.1733,0.00037481
9.1773,0.000553224
9.1813,-0.000236388
9.1853,-0.000610568
9.1893,-3.96198e-05
9.1933,-0.000708506
9.1973,0.000499982
9.2013,0.000204396
9.2053,-0.00115817
9.2093,-0.00133037
9.2133,-0.0015359
9.2173,-0.000425255
9.2213,-0.00120118
9.2253,-0.0013337
9.2293,-0.000737734
9.2333,-0.00146966
9.2373,-0.000981638
9.2413,-0.00115739
9.2453,-0.00119863
9.2493,0.00123779
9.2533,0.00275331
9.2573,0.0011792
9.2613,0.000358128
9.2653,0.000687623
9.2693,0.00105659
9.2733,0.00162542
9.2773,0.00210665
9.2813,0.00150947
9.2853,0.00140731
9.2893,0.000481083
9.2933,3.64223e-05
9.2973,0.000944086
9.3013,0.00122734
9.3053,0.000296105
9.3093,0.000503871
9.3133,0.00193402
9.3173,-0.00069305
9.3213,-0.000561536
9.3253,0.000326448
9.3293,-0.00222036
9.3333,0.000839361
9.3373,0.00110538
9.3413,0.000111684
9.3453,0.00138385
9.3493,0.00164532
9.3533,-0.000176681
9.3573,0.00265782
9.3613,0.000645825
9.3653,-0.000399024
9.3693,0.000691177
9.3733,0.000574241
9.3773,0.000223729
9.3813,-0.000896704
9.3853,-0.000759754
9.3893,-0.000866361
9.3933,-0.000573438
9.3973,-0.00157193
9.4013,-0.00100576
9.4053,-0.00202482
9.4093,-0.0010739
9.4133,-0.000313087
9.4173,0.000168146
9.4213,0.000651051
9.4253,-0.00189019
9.4293,-0.000133112
9.4333,-7.05197e-05
9.4373,-0.000809218
9.4413,0.000269304
9.4453,0.000823137
9.4493,0.00083292
9.4533,0.00139219
9.4573,0.00228562
9.4613,0.000467745
9.4653,0.000930524
9.4693,0.00161519
9.4733,0.000697184
9.4773,-0.000550316
9.4813,0.000122459
9.4853,9.45562e-05
9.4893,-0.000512295
9.4933,-0.000213476
9.4973,-0.000312529
9.5013,-0.00161083
9.5053,-0.000996872
9.5093,-0.0010181
9.5133,-0.00028163
9.5173,-0.000283623
9.5213,-0.00040669
9.5253,0.000405041
9.5293,0.000210725
9.5333,0.000895166
9.5373,0.000937856
9.5413,-0.000536755
9.5453,0.00164065
9.5493,0.000983556
9.5533,0.00129326
9.5573,0.00220248
9.5613,0.00091274
9.5653,0.00130003
9.5693,0.00123301
9.5733,0.00086704
9.5773,0.000909842
9.5813,0.00165766
9.5853,0.000675399
9.5893,3.33014e-05
9.5933,0.00048086
9.5973,0.00120632
9.6013,0.001451
9.6053,0.0017387
9.6093,0.000337569
9.6133,-0.000406579
9.6173,-0.00121409
9.6213,-0.000275846
9.6253,-0.000134326
9.6293,5.60892e-05
9.6333,-0.000388894
9.6373,-0.000232153
9.6413,-0.00145242
9.6453,-0.000534302
9.6493,-0.000476057
9.6533,-0.000619237
9.6573,-0.000845902
9.6613,3.4416e-05
9.6653,0.0010248
9.6693,0.000149259
9.6733,-0.00107869
9.6773,0.0010666
9.6813,0.000101009
9.6853,4.0534e-05
9.6893,0.000420831
9.6933,0.000182711
9.6973,-2.57242e-05
9.7013,0.000496415
9.7053,0.00169745
9.7093,-0.000683823
9.7133,-0.000849902
9.7173,-0.00154468
9.7213,-0.00290524
9.7253,-0.00133481
9.7293,-0.00261066
9.7333,-0.00256619
9.7373,-0.00190987
9.7413,-1.20515e-05
9.7453,-0.00115527
9.7493,-0.00203793
9.7533,-0.000602456
9.7573,7.64373e-05
9.7613,-0.00105279
9.7653,-0.000876356
9.7693,-0.00052297
9.7733,-0.00117973
9.7773,0.000839373
9.7813,-0.000234493
9.7853,0.00101546
9.7893,0.000422714
9.7933,-5.88533e-05
9.7973,-0.000756744
9.8013,0.000907737
9.8053,0.00123078
9.8093,0.000215617
9.8133,9.92252e-05
9.8173,0.000948197
9.8213,0.000665392
9.8253,0.0013893
9.8293,0.00057969
9.8333,0.00152537
9.8373,0.00268539
9.8413,0.00220615
9.8453,0.00115552
9.8493,0.00166143
9.8533,0.000615705
9.8573,-0.000515403
9.8613,0.00120689
9.8653,0.00188454
9.8693,-0.00029586
9.8733,-0.000851351
9.8773,-0.00127378
9.8813,-0.00221636
9.8853,-9.44222e-05
9.8893,-0.000705608
9.8933,-0.00218144
9.8973,-0.00107857
9.9013,-0.00034899
9.9053,7.29944e-05
9.9093,9.11132e-05
9.9133,0.000860712
9.9173,-0.00115894
9.9213,-0.000152123
9.9253,0.000108452
9.9293,0.000869381
9.9333,0.00111695
9.9373,0.000381473
9.9413,0.0011623
9.9453,0.00141276
9.9493,0.00137563
9.9533,0.00274953
9.9573,0.00340441
9.9613,0.00180351
9.9653,0.00234978
9.9693,0.00218059
9.9733,0.0024277
9.9773,0.00150958
9.9813,0.0014918
9.9853,0.0018781
9.9893,-0.000668813
9.9933,-0.000373338
9.9973,0.00101979
10.0013,-0.000665036
10.0053,-0.00245525
10.0093,-0.00296361
10.0133,-0.000703837
10.0173,-0.000368001
10.0213,-0.000860578
10.0253,-0.000228487
10.0293,-0.001044
10.0333,-0.00170732
10.0373,0.00029665
10.0413,0.00033368
10.0453,7.00964e-05
10.0493,-0.00111271
10.0533,-0.00177058
10.0573,-0.00167709
10.0613,0.00126547
10.0653,0.000271088
10.0693,0.000838593
10.0733,-0.000610679
10.0773,-0.00149289
10.0813,0.000547007
10.0853,-0.000880592
10.0893,-0.000653704
10.0933,0.00097911
10.0973,0.00055367
10.1013,-0.000369784
10.1053,0.000248077
10.1093,0.000741435
10.1133,0.000605364
10.1173,0.00123723
10.1213,0.000363243
10.1253,0.000969536
10.1293,0.00104703
10.1333,0.0011115
10.1373,0.0018213
10.1413,0.00168145
10.1453,0.00237334
10.1493,0.00135018
10.1533,0.000605029
10.1573,0.00234834
10.1613,0.00173625
10.1653,0.000801352
10.1693,0.00292173
10.1733,0.00193479
10.1773,0.00204429
10.1813,0.00178727
10.1853,0.00161386
10.1893,0.00136162
10.1933,0.00181451
10.1973,0.0002443
10.2013,-0.00162095
10.2053,0.00136863
10.2093,0.00299454
10.2133,0.00116463
10.2173,-0.000144333
10.2213,0.00187343
10.2253,-5.74043e-05
10.2293,0.00072531
10.2333,0.00208676
10.2373,0.0020842
10.2413,0.00058291
10.2453,0.000812349
10.2493,0.00193257
10.2533,0.00259389
10.2573,0.00196248
10.2613,0.0018183
10.2653,0.0020006
10.2693,0.00248684
10.2733,0.00130126
10.2773,0.00130394
10.2813,0.00243337
10.2853,0.00286681
10.2893,0.000866161
10.2933,0.00128547
10.2973,0.00166943
10.3013,-0.00102165
10.3053,-0.00050095
10.3093,0.000855151
10.3133,-0.000461381
10.3173,0.00097532
10.3213,0.000821576
10.3253,0.00152982
10.3293,0.00147902
10.3333,-0.00016312
10.3373,-0.000909485
10.3413,-0.000646582
10.3453,0.000351019
10.3493,0.000799903
10.3533,4.41999e-05
10.3573,0.000352356
10.3613,0.00105192
10.3653,0.000204062
10.3693,0.000491536
10.3733,-0.000132332
10.3773,-0.000800215
10.3813,-0.000114659
10.3853,-0.000581439
10.3893,0.00027198
10.3933,-0.00169588
10.3973,-0.000346104
10.4013,6.165e-05
10.4053,-0.0011376
10.4093,-0.00180937
10.4133,-0.000976635
10.4173,0.000599258
10.4213,0.000691512
10.4253,0.00118854
10.4293,0.000708528
10.4333,-0.000376335
10.4373,0.000578241
10.4413,0.00101723
10.4453,0.00203929
10.4493,0.000676291
10.4533,0.000990999
10.4573,0.00118487
10.4613,0.00162375
10.4653,0.000845033
10.4693,0.000139476
10.4733,0.000800683
10.4773,0.00151604
10.4813,0.00241047
10.4853,0.000992337
10.4893,0.00121199
10.4933,0.000820028
10.4973,0.000949535
10.5013,0.00253465
10.5053,0.000688626
10.5093,0.00106738
10.5133,0.00101223
10.5173,8.24439e-05
10.5213,-0.000253727
10.5253,-0.000416474
10.5293,0.000703191
10.5333,0.00165721
10.5373,0.00256855
10.5413,0.00157673
10.5453,0.00199293
10.5493,0.000415605
10.5533,-0.000907045
10.5573,0.00054266
10.5613,-0.00168064
10.5653,-0.000880703
10.5693,0.00020883
10.5733,0.000835583
10.5773,-6.93658e-06
10.5813,-0.000245392
10.5853,-0.0013696
10.5893,-0.00141484
10.5933,-0.000600784
10.5973,0.000116341
10.6013,-0.000804104
10.6053,0.000294545
10.6093,0.000494644
10.6133,-0.000797552
10.6173,-0.000237936
10.6213,0.0011035
10.6253,0.000404261
10.6293,-0.000217823
10.6333,-0.000711503
10.6373,-0.000280069
10.6413,0.000610702
10.6453,-7.30833e-05
10.6493,-2.71732e-05
10.6533,-1.87144e-05
10.6573,-0.00052863
10.6613,-0.000857581
10.6653,0.00041293
10.6693,-0.000262396
10.6733,-0.000948286
10.6773,-0.000575432
10.6813,0.000126905
10.6853,0.000595022
10.6893,0.00123134
10.6933,-0.000499514
10.6973,-7.27096e-06
10.7013,0.000818356
10.7053,-0.000178019
10.7093,-0.000937053
10.7133,-0.000437033
10.7173,0.000764557
10.7213,-0.000175133
10.7253,-0.000308083
10.7293,0.000761102
10.7333,-9.57597e-05
10.7373,-0.00043681
10.7413,0.000918301
10.7453,0.000333903
10.7493,-2.87213e-05
10.7533,0.00143566
10.7573,0.00113552
10.7613,0.00125734
10.7653,0.00272263
10.7693,0.000907179
10.7733,0.000628486
10.7773,0.00133439
10.7813,-0.000112318
10.7853,-0.000128666
10.7893,0.00260001
10.7933,0.00209264
10.7973,0.00124279
10.8013,0.00188755
10.8053,0.00060737
10.8093,0.000312218
10.8133,0.000625266
10.8173,0.0007411
10.8213,4.01996e-05
10.8253,-9.20815e-05
10.8293,0.00114063
10.8333,0.000409376
10.8373,0.00108749
10.8413,0.000129134
10.8453,0.000686397
10.8493,0.00128469
10.8533,0.00154993
10.8573,0.00123757
10.8613,0.000516206
10.8653,-0.000430816
10.8693,0.000664724
10.8733,0.00026097
10.8773,-0.000112764
10.8813,-0.00111115
10.8853,-2.23803e-05
10.8893,-0.000443374
10.8933,-0.000153002
10.8973,-0.000684715
10.9013,-0.000462384
10.9053,-0.00018358
10.9093,0.00060903
10.9133,4.06455e-05
10.9173,0.000222961
10.9213,0.000554116
10.9253,0.000664835
10.9293,-0.000146005
10.9333,3.19762e-05
10.9373,9.02215e-05
10.9413,0.00130483
10.9453,0.00171536
10.9493,0.000559231
10.9533,0.00115319
10.9573,0.0011544
10.9613,0.00180384
10.9653,0.000501543
10.9693,-0.00264467
10.9733,0.000749435
10.9773,0.000879165
10.9813,0.000565014
10.9853,0.00197737
10.9893,0.00132271
10.9933,0.000467299
10.9973,-0.000478831
11.0013,-0.00199747
11.0053,-0.000996537
11.0093,-0.000107649
11.0133,-4.56264e-05
11.0173,-0.0017121
11.0213,-0.001491
11.0253,-0.000797106
11.0293,-0.00103133
11.0333,-0.000411248
11.0373,-0.00128234
11.0413,-0.00171833
11.0453,-0.00102577
11.0493,-0.00224648
11.0533,-0.001248
11.0573,6.01019e-05
11.0613,0.000352245
11.0653,0.000496205
11.0693,0.00134929
11.0733,0.00149736
11.0773,0.00167912
11.0813,0.002592
11.0853,0.00229175
11.0893,-0.00012344
11.0933,0.000936519
11.0973,0.00154071
11.1013,0.000840265
11.1053,0.00188233
11.1093,0.00146734
11.1133,0.00109316
11.1173,0.00204418
11.1213,0.00182141
11.1253,0.00120533
11.1293,0.000665504
11.1333,0.00154616
11.1373,0.000476971
11.1413,3.53077e-05
11.1453,-0.000326091
11.1493,-0.00223381
11.1533,-0.00121275
11.1573,-0.00104044
11.1613,-0.000820005
11.1653,0.00114085
11.1693,0.0017954
11.1733,-0.000338314
11.1773,0.000489529
11.1813,0.000511426
11.1853,-0.00119941
11.1893,0.000538883
11.1933,0.000216508
11.1973,8.76703e-05
11.2013,0.000446059
11.2053,-0.00144864
11.2093,-0.00232296
11.2133,-0.00160194
11.2173,-0.00241612
11.2213,-0.00279986
11.2253,-0.00153047
11.2293,-0.000982864
11.2333,-0.00164385
11.2373,-2.72847e-05
11.2413,0.000700416
11.2453,-0.00102889
11.2493,-0.000148011
11.2533,0.0010299
11.2573,0.000581573
11.2613,0.00224462
11.2653,-0.000380348
11.2693,-3.88396e-05
11.2733,0.000208496
11.2773,-0.0012978
11.2813,0.000604361
11.2853,6.6319e-05
11.2893,-0.00110359
11.2933,-0.00112281
11.2973,-0.000617131
11.3013,0.000915081
11.3053,-0.000317979
11.3093,-0.000953513
11.3133,-0.000867129
11.3173,-0.00109035
11.3213,0.000662953
11.3253,0.000329123
11.3293,4.07344e-06
11.3333,0.000521544
11.3373,0.00215101
11.3413,0.00087327
11.3453,-0.00123276
11.3493,-0.000749413
11.3533,-0.001276
11.3573,-0.00175968
11.3613,-0.00271772
11.3653,-0.000307526
11.3693,-0.00048895
11.3733,-0.000822334
11.3773,0.000134026
11.3813,0.000666173
11.3853,-0.000521521
11.3893,-0.00206373
11.3933,0.000541558
11.3973,-0.00103955
11.4013,-0.00116094
11.4053,0.000582241
11.4093,0.00011613
11.4133,-0.000183022
11.4173,-0.000427806
11.4213,0.000420497
11.4253,0.000705965
11.4293,0.000511983
11.4333,-0.000466273
11.4373,-0.000314647
11.4413,0.00161253
11.4453,0.00156372
11.4493,0.000960867
11.4533,0.00235978
11.4573,0.00222471
11.4613,0.0020583
11.4653,0.00250919
11.4693,0.0014202
11.4733,8.29662e-06
11.4773,-0.000350439
11.4813,0.00249318
11.4853,0.000371255
11.4893,-0.00186874
11.4933,-0.00109358
11.4973,-0.000983087
11.5013,-0.000989527
11.5053,3.37472e-05
11.5093,4.30853e-05
11.5133,-0.00117151
11.5173,-0.00152735
11.5213,-0.00225626
11.5253,-0.000745412
11.5293,-0.00172233
11.5333,-0.00124365
11.5373,-0.000694499
11.5413,-0.000761636
11.5453,0.000259199
11.5493,0.000103448
11.5533,0.000171366
11.5573,0.000162808
11.5613,-0.00215555
11.5653,-0.00131969
11.5693,-0.00158071
11.5733,-0.00110158
11.5773,-0.00106101
11.5813,-5.93341e-06
11.5853,0.000908963
11.5893,0.0011384
11.5933,0.000885939
11.5973,0.000328008
11.6013,-0.000841567
11.6053,-6.49073e-06
11.6093,0.00060337
11.6133,-0.000564546
11.6173,-0.00146665
11.6213,-0.00144286
11.6253,-0.00118663
11.6293,0.000413264
11.6333,-2.36064e-05
11.6373,-0.00188186
11.6413,-0.000235051
11.6453,0.000385919
11.6493,-0.00171177
11.6533,-0.00236521
11.6573,0.000396372
11.6613,0.000490421
11.6653,-0.000588894
11.6693,-0.00128779
11.6733,-0.0010937
11.6773,0.000173707
11.6813,-0.000603892
11.6853,0.00034957
11.6893,4.31967e-05
11.6933,-0.000131663
11.6973,0.00119465
11.7013,-0.00108747
11.7053,-0.000725064
11.7093,-0.000370775
11.7133,-0.000626792
11.7173,0.00113196
11.7213,0.00118777
11.7253,-0.000939951
11.7293,-0.000825232
11.7333,-0.000770306
11.7373,-0.00149967
11.7413,0.000169149
11.7453,-0.00095573
11.7493,-0.00147643
11.7533,-0.000342438
11.7573,-0.000716172
11.7613,-0.000955841
11.7653,-0.000672045
11.7693,0.000293096
11.7733,-0.00140095
11.7773,-7.51887e-05
11.7813,0.00113174
11.7853,0.000228398
11.7893,0.00166067
11.7933,0.00162019
11.7973,0.00117486
11.8013,0.00203351
11.8053,0.00134128
11.8093,5.6758e-05
11.8133,0.00109338
11.8173,0.00102067
11.8213,0.00040893
11.8253,-0.000719949
11.8293,0.00184886
11.8333,0.000830035
11.8373,0.000356902
11.8413,0.00142654
11.8453,6.42136e-05
11.8493,-0.000461827
11.8533,-5.67355e-05
11.8573,-0.000381673
11.8613,-0.00105123
11.8653,-0.000610568
11.8693,-0.000286967
11.8733,0.000119573
11.8773,0.00190523
11.8813,0.000251186
11.8853,0.00228664
11.8893,0.00204185
11.8933,0.00245116
11.8973,0.00252875
11.9013,0.000729756
11.9053,0.00113351
11.9093,0.000548332
11.9133,0.00101901
11.9173,-0.000442482
11.9213,-0.00030308
11.9253,0.00123779
11.9293,-0.0016772
11.9333,-0.000687155
11.9373,0.00157228
11.9413,-0.000627349
11.9453,0.00119832
11.9493,0.00122233
11.9533,0.000230961
11.9573,0.000277429
11.9613,0.00236166
11.9653,0.00153115
11.9693,0.00213133
11.9733,0.00302511
11.9773,0.00192245
11.9813,-0.000663921
11.9853,0.000870161
11.9893,0.00246583
11.9933,0.000825799
11.9973,0.00127702
12.0013,0.00136218
12.0053,0.000588471
12.0093,0.0023172
12.0133,0.00227007
12.0173,-0.000971297
12.0213,0.000336454
12.0253,0.00113295
12.0293,0.00104536
12.0333,0.001461
12.0373,0.0015017
12.0413,0.00112618
12.0453,0.000945089
12.0493,-0.000381339
12.0533,0.000166375
12.0573,-0.000947283
12.0613,0.00166054
12.0653,5.60892e-05
12.0693,-5.90762e-05
12.0733,-0.000425812
12.0773,-0.000997639
12.0813,0.00076078
12.0853,1.82911e-05
12.0893,-0.000806655
12.0933,-0.00121286
12.0973,-0.000373004
12.1013,-0.000301742
12.1053,0.00101034
12.1093,0.00113829
12.1133,0.000577461
12.1173,0.000635384
12.1213,-0.000138227
12.1253,-0.00103066
12.1293,-0.000184026
12.1333,0.00103991
12.1373,-3.11735e-05
12.1413,0.000745645
12.1453,0.000597029
12.1493,0.00186131
12.1533,-7.31948e-05
12.1573,-0.000173016
12.1613,0.00326345
12.1653,0.00165554
12.1693,0.000487189
12.1733,0.00230342
12.1773,0.00197915
12.1813,0.00187721
12.1853,0.00167099
12.1893,0.00038125
12.1933,-0.00211153
12.1973,-0.000839573
12.2013,0.000323228
12.2053,-0.000153126
12.2093,-3.2511e-05
12.2133,0.000807012
12.2173,-5.46177e-05
12.2213,0.000191045
12.2253,0.000630604
12.2293,0.000115573
12.2333,0.000598255
12.2373,0.00153927
12.2413,0.00132383
12.2453,-0.000612673
12.2493,0.00087083
12.2533,0.000416051
12.2573,-0.000539083
12.2613,0.000338795
12.2653,-0.00087669
12.2693,-0.00117395
12.2733,-0.000391011
12.2773,-0.000173461
12.2813,-0.000651363
12.2853,6.19844e-05
12.2893,-0.00067638
12.2933,0.00130593
12.2973,0.00134406
12.3013,0.000837701
12.3053,0.00160685
12.3093,0.00109015
12.3133,0.000169372
12.3173,0.00040348
12.3213,0.00111539
12.3253,-0.000621689
12.3293,-0.000774975
12.3333,-0.000752967
12.3373,0.000788224
12.3413,0.000429389
12.3453,-0.00133592
12.3493,-0.00182372
12.3533,-0.00123498
12.3573,-0.00133003
12.3613,-0.000637467
12.3653,-0.0011645
12.3693,-0.000651251
12.3733,-0.000552198
12.3773,-0.00158282
12.3813,-0.00163974
12.3853,-1.09368e-05
12.3893,-0.00160517
12.3933,-0.000122882
12.3973,0.000326113
12.4013,-0.00261833
12.4053,-0.002157
12.4093,-0.00144998
12.4133,-0.00118152
12.4173,-0.0020924
12.4213,-0.00103622
12.4253,-0.00106412
12.4293,-0.00213365
12.4333,-0.00146376
12.4373,-0.00135716
12.4413,-0.000318202
12.4453,-0.00145286
12.4493,-0.00140718
12.4533,5.36494e-05
12.4573,-0.000305854
12.4613,0.000537892
12.4653,-0.000376781
12.4693,0.00090573
12.4733,0.00128504
12.4773,0.000642159
12.4813,0.000437836
12.4853,0.000511091
12.4893,-0.000268737
12.4933,-0.000308418
12.4973,7.73931e-06
12.5013,0.00158029
12.5053,0.0011363
12.5093,0.00058836
12.5133,0.000765114
12.5173,0.00156561
12.5213,0.00153949
12.5253,0.000621377
12.5293,0.000849144
12.5333,0.00107359
12.5373,0.000910622
12.5413,0.000629601
12.5453,0.00108661
12.5493,-0.000131106
12.5533,-6.08472e-05
12.5573,0.00157707
12.5613,0.00123623
12.5653,0.00196659
12.5693,0.000813687
12.5733,-0.000344767
12.5773,0.00333092
12.5813,0.00216201
12.5853,0.000204508
12.5893,0.000988894
12.5933,0.000657503
12.5973,0.00251919
12.6013,0.00136574
12.6053,0.000800126
12.6093,0.00137608
12.6133,0.00263314
12.6173,0.00320409
12.6213,0.00196659
12.6253,0.000937968
12.6293,-0.000251052
12.6333,0.000525433
12.6373,0.000421277
12.6413,0.00032345
12.6453,0.00233199
12.6493,0.00203306
12.6533,0.00064149
12.6573,0.00124868
12.6613,-0.00046927
12.6653,0.000649168
12.6693,0.00204985
12.6733,0.000518101
12.6773,-0.000224932
12.6813,0.000536777
12.6853,-2.18354e-05
12.6893,0.000545001
12.6933,0.00143077
12.6973,0.00137152
12.7013,-0.000746638
12.7053,0.000907737
12.7093,-0.000103872
12.7133,-0.000546984
12.7173,7.13224e-05
12.7213,6.49938e-05
12.7253,-0.00108413
12.7293,-0.000614679
12.7333,-0.00110002
12.7373,-0.000993416
12.7413,0.00212421
12.7453,0.00227752
12.7493,-0.000538749
12.7533,0.000961424
12.7573,0.00227663
12.7613,0.00206007
12.7653,0.000808238
12.7693,0.00074733
12.7733,0.00165766
12.7773,-3.29445e-05
12.7813,-0.000611571
12.7853,-0.000874919
12.7893,0.000106012
12.7933,0.00050776
12.7973,0.00132561
12.8013,-0.00070006
12.8053,0.00066273
12.8093,0.000942525
12.8133,-7.04804e-06
12.8173,0.00227685
12.8213,0.00119977
12.8253,8.0737e-06
12.8293,0.000750215
12.8333,-0.000533745
12.8373,0.00203562
12.8413,0.00117776
12.8453,-0.00082034
12.8493,0.000652723
12.8533,0.00079568
12.8573,-0.000879365
12.8613,0.000853591
12.8653,0.000959653
12.8693,-0.00112815
12.8733,-0.000413576
12.8773,-0.000180583
12.8813,0.00105002
12.8853,-0.000610568
12.8893,0.00116753
12.8933,0.000263199
12.8973,-0.000924384
12.9013,0.000487969
12.9053,0.00122789
12.9093,0.000672737
12.9133,0.000748655
12.9173,0.00053544
12.9213,8.12178e-05
12.9253,0.00050932
12.9293,-0.000352222
12.9333,-0.000420029
12.9373,-0.000363777
12.9413,-0.000484058
12.9453,-0.000550762
12.9493,-0.00184951
12.9533,-0.00133881
12.9573,-0.00104356
12.9613,-0.000523751
12.9653,-0.00025951
12.9693,0.000350907
12.9733,0.000461292
12.9773,0.00142054
12.9813,0.00238235
12.9853,0.00142688
12.9893,0.00236534
12.9933,0.000448734
12.9973,-0.00065914
13.0013,0.00132805
13.0053,0.000968991
13.0093,-6.71882e-05
13.0133,0.000130137
13.0173,0.000898621
13.0213,0.00028299
13.0253,0.0015953
13.0293,0.00180785
13.0333,0.0010876
13.0373,0.000803234
13.0413,7.31734e-08
13.0453,0.00129404
13.0493,0.000388817
13.0533,-5.77387e-05
13.0573,-0.000102534
13.0613,-8.44154e-05
13.0653,-0.00118384
13.0693,-0.000419471
13.0733,0.000699413
13.0773,0.00111405
13.0813,0.000120242
13.0853,-0.000501508
13.0893,-0.000231608
13.0933,-0.00200614
13.0973,0.000157483
13.1013,0.00217114
13.1053,0.000119127
13.1093,0.00169923
13.1133,0.00222016
13.1173,0.000237401
13.1213,0.00174203
13.1253,0.00179506
13.1293,-0.00149167
13.1333,0.00147657
13.1373,0.00175093
13.1413,0.000372023
13.1453,-0.000433256
13.1493,0.00059714
13.1533,0.00031945
13.1573,-6.75226e-05
13.1613,-0.00125055
13.1653,-0.0006259
13.1693,-0.000621355
13.1733,-0.000866027
13.1773,0.00105947
13.1813,0.00115986
13.1853,0.000602812
13.1893,-0.000321422
13.1933,0.000339563
13.1973,0.000358351
13.2013,-0.000369895
13.2053,0.000628152
13.2093,-0.000247497
13.2133,-5.75157e-05
13.2173,-0.000888592
13.2213,-0.000266173
13.2253,-0.000139664
13.2293,0.000594911
13.2333,-0.000712618
13.2373,-0.000363777
13.2413,-0.000672813
13.2453,0.00139431
13.2493,0.000688292
13.2533,-0.000108875
13.2573,-0.00108836
13.2613,-0.00044704
13.2653,0.000620263
13.2693,-0.001489
13.2733,-0.000932174
13.2773,-6.66309e-05
13.2813,-0.000168792
13.2853,-0.00111226
13.2893,-0.00429648
13.2933,-0.00190532
13.2973,-0.0010061
13.3013,-0.000447709
13.3053,-0.000538526
13.3093,-0.000824675
13.3133,0.000729756
13.3173,-0.000939171
13.3213,0.00104892
13.3253,0.00113163
13.3293,0.000476971
13.3333,-0.000828675
13.3373,0.00223972
13.3413,0.000641044
13.3453,-3.02818e-05
13.3493,-0.000644031
13.3533,0.000446505
13.3573,-0.000410468
13.3613,0.00017793
13.3653,0.00124389
13.3693,-0.000108429
13.3733,5.53214e-05
13.3773,0.00305045
13.3813,0.00165388
13.3853,-0.000845679
13.3893,-0.00072073
13.3933,-0.000182577
13.3973,0.000609141
13.4013,-0.000293742
13.4053,5.51006e-06
13.4093,-0.000330091
13.4133,0.000235296
13.4173,-0.00160094
13.4213,-0.000707949
13.4253,-0.000824229
13.4293,-0.000550316
13.4333,1.76347e-05
13.4373,-0.000935059
13.4413,-0.000926725
13.4453,0.000344566
13.4493,-0.00235731
13.4533,-0.00238444
13.4573,-0.0018664
13.4613,-0.000888146
13.4653,0.000599803
13.4693,3.56421e-05
13.4733,-0.000640254
13.4773,-0.00140318
13.4813,-0.000300417
13.4853,0.00168411
13.4893,0.000212397
13.4933,0.000166152
13.4973,-0.000280403
13.5013,-0.000223706
13.5053,0.000495648
13.5093,0.00194714
13.5133,6.51053e-05
13.5173,0.000443731
13.5213,0.000673504
13.5253,-0.00124755
13.5293,0.000329445
13.5333,-0.000222815
13.5373,-0.00056088
13.5413,-0.00149922
13.5453,-0.000326537
13.5493,0.000854482
13.5533,-0.00140684
13.5573,0.00110527
13.5613,0.000968323
13.5653,-0.000364335
13.5693,-0.000765748
13.5733,-0.000458496
13.5773,-0.000864355
13.5813,0.000675511
13.5853,0.0011991
13.5893,-6.21848e-05
13.5933,0.000225624
13.5973,-0.000714401
13.6013,0.000910399
13.6053,0.00126913
13.6093,0.00039148
13.6133,0.00142188
13.6173,-0.000252389
13.6213,-0.001041
13.6253,0.00184819
13.6293,0.00202484
13.6333,0.00218158
13.6373,0.00162998
13.6413,-0.000457715
13.6453,0.000163811
13.6493,0.000834704
13.6533,0.000451174
13.6573,-0.000295748
13.6613,1.59628e-05
13.6653,0.000792794
13.6693,0.000924406
13.6733,0.0021449
13.6773,0.000456958
13.6813,-0.00126089
13.6853,-7.94119e-05
13.6893,0.000449403
13.6933,-0.00124232
13.6973,-0.00077521
13.7013,0.000412719
13.7053,0.00139208
13.7093,0.000265639
13.7133,0.00166677
13.7173,-0.000589997
13.7213,-6.22962e-05
13.7253,0.000627929
13.7293,0.000917186
13.7333,-0.000522525
13.7373,0.000847039
13.7413,9.5002e-05
13.7453,-0.00104466
13.7493,0.000774341
13.7533,0.00264714
13.7573,-0.000450706
13.7613,0.00176216
13.7653,0.00260057
13.7693,0.000620374
13.7733,0.00122267
13.7773,0.000668402
13.7813,0.0010429
13.7853,5.75382e-05
13.7893,0.000176716
13.7933,0.00175403
13.7973,0.00155561
13.8013,0.000458184
13.8053,0.000943083
13.8093,0.00342386
13.8133,0.00164865
13.8173,0.00201239
13.8213,0.00125924
13.8253,0.000835695
13.8293,0.00209333
13.8333,0.000557447
13.8373,0.00112151
13.8413,0.00195735
13.8453,-0.000410802
13.8493,-0.000301742
13.8533,-0.00117573
13.8573,-0.000765525
13.8613,0.00103157
13.8653,-0.00116461
13.8693,-0.00167876
13.8733,0.000851485
13.8773,0.000782341
13.8813,-0.000994531
13.8853,-0.000236822
13.8893,-0.00148977
13.8933,-0.00119063
13.8973,0.000116787
13.9013,-0.000532309
13.9053,0.000205387
13.9093,0.0012738
13.9133,8.46608e-05
13.9173,-0.000107872
13.9213,-8.59758e-05
13.9253,-0.00117073
13.9293,-0.00157459
13.9333,0.000426615
13.9373,-0.00046283
13.9413,-0.00253029
13.9453,-0.00190543
13.9493,-0.00168398
13.9533,-0.00183928
13.9573,-0.001047
13.9613,-0.00150889
13.9653,-0.00095007
13.9693,-0.00102954
13.9733,-0.00093984
13.9773,-0.000854348
13.9813,-0.0019659
13.9853,-0.000680938
13.9893,-0.00116184
13.9933,0.000324342
13.9973,0.000817464
14.0013,-0.00050552
14.0053,-0.00146944
14.0093,-0.000126548
14.0133,0.000565906
14.0173,-0.00169432
14.0213,0.00081391
14.0253,0.00113118
14.0293,-0.00067337
14.0333,0.000698967
14.0373,0.000524875
14.0413,0.00121722
14.0453,0.00215302
14.0493,0.0015277
14.0533,0.000905953
14.0573,-0.000722624
14.0613,-0.000413799
14.0653,-0.000535194
14.0693,-0.000324642
14.0733,-0.000495402
14.0773,-0.0004755
14.0813,-0.00211186
14.0853,-0.00132447
14.0893,-0.000671042
14.0933,-0.00334769
14.0973,-0.00315826
14.1013,0.0012469
14.1053,0.000193832
14.1093,0.000423383
14.1133,0.00152759
14.1173,0.000280092
14.1213,-0.000182354
14.1253,0.00103345
14.1293,-0.00104312
14.1333,-0.000402133
14.1373,-0.000408461
14.1413,0.000499202
14.1453,0.0024865
14.1493,0.0012837
14.1533,0.00188266
14.1573,0.000294656
14.1613,0.00208397
14.1653,0.00178184
14.1693,-0.000648254
14.1733,0.000988993
14.1773,0.00113974
14.1813,0.00110527
14.1853,0.00144799
14.1893,0.00074354
14.1933,0.00119688
14.1973,0.00130716
14.2013,0.00190322
14.2053,0.000804349
14.2093,-0.00015746
14.2133,0.00203596
14.2173,0.00235867
14.2213,0.00112495
14.2253,0.00142898
14.2293,0.00101234
14.2333,0.0020036
14.2373,0.000518324
14.2413,-0.000489173
14.2453,0.00173792
14.2493,2.15235e-05
14.2533,0.000288872
14.2573,-0.000124889
14.2613,0.0014152
14.2653,-0.000389674
14.2693,0.000319673
14.2733,0.0016023
14.2773,0.00134829
14.2813,0.00213356
14.2853,0.00132394
14.2893,0.00206485
14.2933,0.00208053
14.2973,-3.15924e-06
14.3013,-0.000521299
14.3053,0.000522659
14.3093,-0.000400572
14.3133,0.000491982
14.3173,0.00229508
14.3213,0.00154549
14.3253,-0.000124331
14.3293,0.00138175
14.3333,0.000876502
14.3373,-0.0017698
14.3413,0.000463955
14.3453,0.000306446
14.3493,0.000625154
14.3533,0.000577907
14.3573,-0.0003023
14.3613,-0.000772646
14.3653,9.41103e-05
14.3693,-0.00114995
14.3733,-0.000107538
14.3773,0.000959207
14.3813,0.000286878
14.3853,0.000107894
14.3893,0.000447954
14.3933,-0.00105089
14.3973,0.000918189
14.4013,0.00105925
14.4053,0.000446951
14.4093,0.000838035
14.4133,-0.00075475
14.4173,0.000933744
14.4213,0.000127462
14.4253,-0.000586219
14.4293,-0.000290522
14.4333,0.00125001
14.4373,0.000755553
14.4413,0.000879834
14.4453,0.00234377
14.4493,0.00130716
14.4533,-0.000704828
14.4573,0.000614033
14.4613,0.00126913
14.4653,0.000275757
14.4693,0.000515537
14.4733,0.000716417
14.4773,0.00030122
14.4813,0.000615705
14.4853,0.00037481
14.4893,0.00201717
14.4933,0.0020065
14.4973,0.00152692
14.5013,0.00104392
14.5053,0.0011115
14.5093,0.00137997
14.5133,0.000638493
14.5173,0.0017298
14.5213,0.00232132
14.5253,-0.00014567
14.5293,0.000301666
14.5333,0.00076722
14.5373,0.00124045
14.5413,0.00183352
14.5453,0.00105736
14.5493,-0.00017169
14.5533,-0.000142227
14.5573,0.000814244
14.5613,-0.000354997
14.5653,0.000377807
14.5693,0.0020065
14.5733,0.000622925
14.5773,0.00264114
14.5813,0.00179639
14.5853,0.00133283
14.5893,0.000535885
14.5933,-0.000741524
14.5973,0.000283535
14.6013,0.000248411
14.6053,0.000195715
14.6093,-0.00094384
14.6133,-0.000435819
14.6173,-0.000160457
14.6213,-0.001955
14.6253,0.00190145
14.6293,0.000473516
14.6333,7.56571e-05
14.6373,6.78795e-05
14.6413,-0.000110993
14.6453,0.00230954
14.6493,-0.000181685
14.6533,-0.0013118
14.6573,0.000159811
14.6613,-0.00160505
14.6653,-0.000910042
14.6693,-0.000671265
14.6733,0.000147922
14.6773,-0.000922724
14.6813,-0.0004835
14.6853,-0.000271734
14.6893,-0.00153613
14.6933,-0.00167064
14.6973,0.000322224
14.7013,0.000554562
14.7053,0.000186488
14.7093,-4.0623e-05
14.7133,0.000460401
14.7173,-0.00176636
14.7213,-0.00220423
14.7253,-0.000570441
14.7293,0.000726536
14.7333,0.000176815
14.7373,-0.00264411
14.7413,-0.000538526
14.7453,0.000863374
14.7493,-0.00113682
14.7533,-0.00040435
14.7573,0.000482978
14.7613,-0.000272737
14.7653,-0.000841902
14.7693,0.000401041
14.7733,-0.000625578
14.7773,-0.00123754
14.7813,-0.000386119
14.7853,-2.99474e-05
14.7893,-0.00180582
14.7933,0.00050776
14.7973,-0.000219706
14.8013,0.000263756
14.8053,0.00130893
14.8093,0.000226181
14.8133,-0.00202837
14.8173,-0.000115439
14.8213,0.000572792
14.8253,-0.000547752
14.8293,-1.86154e-05
14.8333,-0.000360111
14.8373,-0.000500294
14.8413,0.000610702
14.8453,0.00122378
14.8493,-0.000236487
14.8533,0.000428721
14.8573,0.000430615
14.8613,0.00179295
14.8653,-3.02818e-05
14.8693,-0.00026496
14.8733,0.000108675
14.8773,-0.000657815
14.8813,5.6436e-05
14.8853,-0.000349436
14.8893,0.00105158
14.8933,0.000605475
14.8973,-0.000645146
14.9013,0.0011134
14.9053,0.000160926
14.9093,0.000177596
14.9133,0.000608026
14.9173,-0.00144219
14.9213,0.000905619
14.9253,0.000215951
14.9293,-0.00109424
14.9333,-0.000880146
14.9373,-0.000199692
14.9413,-0.00147621
14.9453,-0.00265423
14.9493,-0.000745635
14.9533,0.00014947
14.9573,-0.00022627
14.9613,0.000727539
14.9653,-0.000337101
14.9693,-0.00101432
14.9733,-0.00139373
14.9773,-0.00160972
14.9813,-0.000568212
14.9853,-0.000222703
14.9893,-0.00156825
14.9933,-0.00112115
14.9973,-0.000157349
15.0013,-0.00128234
15.0053,-0.00197779
15.0093,-0.00146432
15.0133,-0.00178014
15.0173,-0.000559765
15.0213,3.51962e-05
15.0253,0.000416943
15.0293,-0.000430147
15.0333,-0.000418245
15.0373,0.000804683
15.0413,0.00119566
15.0453,0.000613922
15.0493,0.00279311
15.0533,0.000440845
15.0573,-0.000541981
15.0613,0.000407047
15.0653,-0.000339429
15.0693,0.000514435
15.0733,0.00166988
15.0773,-0.000243163
15.0813,-0.000826557
15.0853,-0.000432364
15.0893,-0.000392015
15.0933,-0.000394566
15.0973,-0.000601675
15.1013,0.000985996
15.1053,0.00105391
15.1093,0.000701742
15.1133,-0.000228041
15.1173,0.000281095
15.1213,0.0009452
15.1253,9.10017e-05
15.1293,-0.000165349
15.1333,-0.000196918
15.1373,-0.00118207
15.1413,-0.00171344
15.1453,0.000440498
15.1493,0.000410044
15.1533,-0.00103655
15.1573,-0.00188119
15.1613,0.000141804
15.1653,0.000569572
15.1693,0.000299882
15.1733,0.000479746
15.1773,-0.000883477
15.1813,0.00187721
15.1853,0.000151253
15.1893,-0.000458719
15.1933,5.26463e-05
15.1973,-0.000560323
15.2013,-0.00133125
15.2053,-0.000306411
15.2093,-0.000174242
15.2133,-0.000859017
15.2173,0.00015025
15.2213,0.000525656
15.2253,-0.000456935
15.2293,0.000489195
15.2333,0.000204607
15.2373,0.000683734
15.2413,0.000429055
15.2453,-0.000271623
15.2493,-0.000641356
15.2533,5.92102e-05
15.2573,0.00162765
15.2613,-0.000759865
15.2653,-0.000506065
15.2693,-4.67287e-05
15.2733,0.000519761
15.2773,-0.00135982
15.2813,-0.00015668
15.2853,0.000599803
15.2893,0.000589363
15.2933,0.000422058
15.2973,0.000492972
15.3013,0.000102012
15.3053,0.000340678
15.3093,0.000139463
15.3133,-0.000954181
15.3173,0.00192368
15.3213,0.00112839
15.3253,0.000907737
15.3293,0.00111795
15.3333,0.00137052
15.3373,0.00197437
15.3413,0.000314558
15.3453,0.000473739
15.3493,0.000989104
15.3533,0.000780781
15.3573,0.00202183
15.3613,0.000359242
15.3653,0.000797005
15.3693,0.000930079
15.3733,-0.000729176
15.3773,0.00120099
15.3813,0.00245316
15.3853,-0.000168792
15.3893,-0.000965848
15.3933,-0.0011794
15.3973,0.000205944
15.4013,0.00249085
15.4053,0.000232287
15.4093,-0.00164673
15.4133,0.000261973
15.4173,-0.00124299
15.4213,0.00138374
15.4253,0.00122589
15.4293,-0.000365226
15.4333,0.00122867
15.4373,0.000209499
15.4413,-0.000686486
15.4453,0.000646382
15.4493,0.00157484
15.4533,0.000448511
15.4573,0.000977438
15.4613,0.00180718
15.4653,0.00108626
15.4693,0.00112073
15.4733,0.00300233
15.4773,0.00046741
15.4813,-9.39763e-05
15.4853,0.00118076
15.4893,-0.000314858
15.4933,0.000431507
15.4973,-0.000499179
15.5013,-1.06025e-05
15.5053,0.00154783
15.5093,-0.00138662
15.5133,-0.00039869
15.5173,0.000220509
15.5213,-0.000921498
15.5253,0.00054022
15.5293,-0.000154451
15.5333,-0.00257686
15.5373,-0.000437367
15.5413,0.00123156
15.5453,-0.00082278
15.5493,-0.000571209
15.5533,0.000205498
15.5573,-0.00240212
15.5613,-0.000380237
15.5653,-0.00166197
15.5693,-0.000338649
15.5733,0.00207197
15.5773,-0.000393352
15.5813,0.000360691
15.5853,-0.00179292
15.5893,-0.000762751
15.5933,0.0010985
15.5973,-0.000558539
15.6013,-0.000768758
15.6053,0.000147253
15.6093,0.000364246
15.6133,0.0014261
15.6173,-0.000476837
15.6213,-0.00150311
15.6253,0.000109232
15.6293,0.000506199
15.6333,-0.00186207
15.6373,-0.000406133
15.6413,-4.63943e-05
15.6453,0.000333779
15.6493,0.00122945
15.6533,0.000380259
15.6573,-0.000394343
15.6613,0.000313332
15.6653,0.000740431
15.6693,-3.23872e-05
15.6733,0.00109093
15.6773,0.000159811
15.6813,-0.000412474
15.6853,-0.0004406
15.6893,0.00111483
15.6933,0.000604026
15.6973,0.00109071
15.7013,0.000970762
15.7053,0.000777338
15.7093,0.000762439
15.7133,-0.00032832
15.7173,0.000780892
15.7213,0.000295436
15.7253,0.0016142
15.7293,-0.000178242
15.7333,-0.00053242
15.7373,0.000556568
15.7413,0.000313889
15.7453,0.000969759
15.7493,-7.75294e-05
15.7533,-0.0011266
15.7573,-0.000951172
15.7613,-0.000302745
15.7653,-0.00230651
15.7693,-0.00155848
15.7733,-0.0010719
15.7773,-0.00145521
15.7813,-0.000976524
15.7853,-0.00081333
15.7893,0.000752655
15.7933,-9.39763e-05
15.7973,0.000226961
15.8013,0.0010299
15.8053,-0.000755419
15.8093,0.00039626
15.8133,0.000815693
15.8173,0.00122678
15.8213,0.000348022
15.8253,0.000685629
15.8293,0.00122801
15.8333,0.000788459
15.8373,0.000172605
15.8413,-0.000232153
15.8453,-4.5515e-05
15.8493,-3.38362e-05
15.8533,-0.000553424
15.8573,0.000613364
15.8613,0.000427494
15.8653,-0.00081655
15.8693,-0.000151008
15.8733,0.000438282
15.8773,0.000417946
15.8813,0.00102123
15.8853,0.00161286
15.8893,-0.000643585
15.8933,-0.000538303
15.8973,0.00028699
15.9013,0.000158028
15.9053,0.0015685
15.9093,0.00115752
15.9133,0.00150703
15.9173,0.00142799
15.9213,0.000844698
15.9253,0.00187143
15.9293,0.00111306
15.9333,0.000286878
15.9373,0.000568569
15.9413,0.000540332
15.9453,0.000558785
15.9493,0.000254084
15.9533,0.000143141
15.9573,0.00166577
15.9613,0.000124242
15.9653,0.00108427
15.9693,-0.000664701
15.9733,-0.000259944
15.9773,0.00169557
15.9813,0.00116798
15.9853,0.00235411
15.9893,0.00144033
15.9933,0.00145134
15.9973,0.00126291
16.0013,0.0026597
16.0053,0.00127414
16.0093,0.000377473
16.0133,0.00168323
16.0173,0.00051799
16.0213,0.000373361
16.0253,0.00114173
16.0293,0.00190456
16.0333,0.000984435
16.0373,0.00124612
16.0413,0.00133583
16.0453,0.000399815
16.0493,0.00149502
16.0533,0.00109828
16.0573,-0.000349101
16.0613,0.000229512
16.0653,5.85414e-05
16.0693,0.000406601
16.0733,0.000732641
16.0773,0.000311338
16.0813,-2.50554e-05
16.0853,0.000509209
16.0893,0.00101623
16.0933,-0.000517187
16.0973,-0.000813107
16.1013,-0.00068282
16.1053,-0.000982307
16.1093,-0.000816327
16.1133,6.86597e-05
16.1173,-5.71814e-05
16.1213,0.000877728
16.1253,0.000200606
16.1293,-7.20802e-05
16.1333,0.00158507
16.1373,-0.000144444
16.1413,0.00110094
16.1453,6.09812e-05
16.1493,-7.27489e-05
16.1533,-0.000151788
16.1573,0.00157841
16.1613,-0.000769971
16.1653,0.000370921
16.1693,0.00057969
16.1733,-0.000164792
16.1773,0.0038484
16.1813,0.00264181
16.1853,0.000889283
16.1893,0.0024675
16.1933,0.00132928
16.1973,0.00172525
16.2013,0.00114285
16.2053,0.00185119
16.2093,0.00249196
16.2133,0.000779778
16.2173,0.00185587
16.2213,0.00151347
16.2253,0.00094608
16.2293,0.00195013
16.2333,0.00176071
16.2373,-0.000199928
16.2413,-0.000319316
16.2453,-0.00059656
16.2493,-0.00099297
16.2533,1.98516e-05
16.2573,0.00145512
16.2613,0.00116175
16.2653,0.000988225
16.2693,-1.6609e-05
16.2733,-0.000869136
16.2773,-0.00063847
16.2813,-0.000464155
16.2853,0.000579913
16.2893,0.00061781
16.2933,-0.000681383
16.2973,-6.98509e-05
16.3013,3.01928e-05
16.3053,-0.000680269
16.3093,-0.000368669
16.3133,-0.00116906
16.3173,-0.00062969
16.3213,0.000293541
16.3253,-0.00159383
16.3293,-0.000278509
16.3333,-0.00114238
16.3373,-0.00158393
16.3413,-0.000621578
16.3453,-7.58575e-05
16.3493,-0.00103944
16.3533,-0.00187263
16.3573,-5.75157e-05
16.3613,0.000811247
16.3653,0.000213065
16.3693,0.000367912
16.3733,0.00130838
16.3773,0.0013744
16.3813,0.000456512
16.3853,0.00241181
16.3893,0.00260012
16.3933,0.00171858
16.3973,-0.000662484
16.4013,0.000190154
16.4053,0.00155417
16.4093,-0.000605341
16.4133,-0.000222381
16.4173,-0.000201476
16.4213,0.001437
16.4253,-3.76135e-05
16.4293,0.000203504
16.4333,0.000426169
16.4373,-0.000624352
16.4413,0.000750884
16.4453,-0.000774752
16.4493,0.000268091
16.4533,0.00110317
16.4573,-0.000691489
16.4613,-0.000510734
16.4653,-0.000113321
16.4693,-0.00013144
16.4733,0.00135951
16.4773,0.00160196
16.4813,0.00164832
16.4853,0.00102391
16.4893,0.00129948
16.4933,0.000847708
16.4973,-7.27096e-06
16.5013,-7.68607e-05
16.5053,0.00070163
16.5093,0.00154593
16.5133,0.000213511
16.5173,0.000764445
16.5213,0.00112584
16.5253,-0.00061323
16.5293,0.00254554
16.5333,0.000158251
16.5373,0.000597029
16.5413,0.00223373
16.5453,0.00203574
16.5493,-0.000179914
16.5533,0.00195891
16.5573,0.00193213
16.5613,0.000736988
16.5653,0.00201728
16.5693,0.0024157
16.5733,0.00216558
16.5773,0.00171035
16.5813,0.00131337
16.5853,0.00206853
16.5893,0.0021877
16.5933,-0.000994754
16.5973,-0.00051897
16.6013,-0.000639362
16.6053,-0.000115873
16.6093,-0.000207916
16.6133,-0.000554428
16.6173,0.000234181
16.6213,-1.6609e-05
16.6253,4.7197e-05
16.6293,0.000614925
16.6333,-0.000929387
16.6373,8.19981e-05
16.6413,-0.000921721
16.6453,-0.000858683
16.6493,1.84419e-06
16.6533,0.00117253
16.6573,0.00030044
16.6613,-4.44003e-05
16.6653,0.00145
16.6693,0.00129148
16.6733,-7.77524e-05
16.6773,0.00169056
16.6813,0.00146468
16.6853,-4.61714e-05
16.6893,0.00097688
16.6933,-1.37234e-05
16.6973,-0.000560868
16.7013,0.000837144
16.7053,0.00183497
16.7093,0.00297486
16.7133,0.00105614
16.7173,0.00185998
16.7213,0.000268425
16.7253,-7.79753e-05
16.7293,0.000282866
16.7333,0.000355688
16.7373,-0.000147776
16.7413,-0.000103983
16.7453,0.00258634
16.7493,0.000935639
16.7533,0.000626926
16.7573,0.00109582
16.7613,0.000787345
16.7653,0.000204954
16.7693,0.000464401
16.7733,0.00116975
16.7773,0.000860266
16.7813,-0.000538749
16.7853,-0.000849791
16.7893,0.000292761
16.7933,0.00151236
16.7973,0.00112562
16.8013,0.000880168
16.8053,0.00121311
16.8093,0.000435941
16.8133,-0.000918935
16.8173,-0.000559988
16.8213,-0.00247249
16.8253,-0.00137983
16.8293,0.000795122
16.8333,-0.000687935
16.8373,-0.00238999
16.8413,-0.00190587
16.8453,9.84471e-06
16.8493,-0.00131513
16.8533,-0.000284627
16.8573,0.000857046
16.8613,0.000880837
16.8653,0.000425389
16.8693,0.00163664
16.8733,0.000144145
16.8773,-0.00220001
16.8813,-0.000223483
16.8853,0.0013007
16.8893,-0.000770417
16.8933,-0.00197113
16.8973,-0.00138339
16.9013,-0.00173545
16.9053,-0.00117229
16.9093,-0.000722736
16.9133,0.00165678
16.9173,0.000394254
16.9213,0.000836363
16.9253,-0.000521299
16.9293,0.00121299
16.9333,0.000701296
16.9373,-0.000161461
16.9413,-0.000944286
16.9453,-0.0010002
16.9493,-0.000736966
16.9533,0.000125023
16.9573,1.08479e-05
16.9613,-5.99679e-05
16.9653,-0.000737189
16.9693,0.0013614
16.9733,0.00254065
16.9773,0.00121411
16.9813,0.00097688
16.9853,0.00147402
16.9893,0.000639273
16.9933,0.00212912
16.9973,0.00212912
17.0013,0.00183375
17.0053,0.00139475
17.0093,0.00153983
17.0133,0.00309826
17.0173,0.00263092
17.0213,0.00250441
17.0253,0.00121178
17.0293,0.000450617
17.0333,-6.97518e-05
17.0373,0.00019616
17.0413,0.00100956
17.0453,-0.000234159
17.0493,0.000430058
17.0533,0.000384693
17.0573,0.000644611
17.0613,0.000104674
17.0653,0.000690967
17.0693,-0.000515626
17.0733,8.70015e-05
17.0773,-0.000198479
17.0813,-0.0015189
17.0853,0.000496973
17.0893,0.000407716
17.0933,0.000438727
17.0973,-0.000227595
17.1013,0.000604806
17.1053,-3.61769e-05
17.1093,0.000202055
17.1133,0.000680291
17.1173,-0.0009643
17.1213,8.95527e-05
17.1253,0.000459856
17.1293,-0.000886586
17.1333,-0.000270508
17.1373,-0.00246014
17.1413,-0.00134559
17.1453,-0.000377562
17.1493,-0.00189687
17.1533,-0.000505632
17.1573,0.000639942
17.1613,-0.000283623
17.1653,0.000817576
17.1693,-0.00154792
17.1733,0.000565237
17.1773,-0.000461047
17.1813,0.00102513
17.1853,0.000647719
17.1893,-0.000397241
17.1933,-0.00020259
17.1973,-0.000282075
17.2013,-0.00121175
17.2053,-0.000447931
17.2093,-0.000746081
17.2133,-0.00114305
17.2173,0.000877716
17.2213,0.000221512
17.2253,0.000781227
17.2293,0.00117587
17.2333,0.00105592
17.2373,-0.000191246
17.2413,0.000827917
17.2453,0.000982441
17.2493,-5.94106e-05
17.2533,0.00106582
17.2573,0.00166055
17.2613,0.00139909
17.2653,0.000915403
17.2693,0.000813576
17.2733,0.000998999
17.2773,0.00102101
17.2813,0.000888503
17.2853,0.000749101
17.2893,0.00206931
17.2933,0.00140309
17.2973,-0.000339318
17.3013,0.000603357
17.3053,0.000435062
17.3093,-0.00106512
17.3133,0.000933744
17.3173,0.00118509
17.3213,-9.88683e-05
17.3253,0.00038826
17.3293,0.00127914
17.3333,0.00103979
17.3373,0.0011632
17.3413,0.000731985
17.3453,0.00180628
17.3493,0.00101834
17.3533,0.00086927
17.3573,-0.0010977
17.3613,-0.0001639
17.3653,0.000374698
17.3693,0.00110505
17.3733,0.000126682
17.3773,0.000163477
17.3813,0.00025152
17.3853,0.000209499
17.3893,-0.00127244
17.3933,0.000482978
17.3973,-0.00017491
17.4013,-0.00194322
17.4053,-0.0008837
17.4093,-0.000424475
17.4133,-0.000544867
17.4173,-0.00077921
17.4213,-0.00169943
17.4253,-0.00107546
17.4293,0.000328454
17.4333,0.00169778
17.4373,0.00183964
17.4413,0.00165922
17.4453,0.00234366
17.4493,0.000728864
17.4533,0.00109149
17.4573,0.000658395
17.4613,-0.00017257
17.4653,0.000516318
17.4693,-0.000289964
17.4733,-0.000448043
17.4773,-0.00057911
17.4813,0.00101901
17.4853,0.00116697
17.4893,6.73222e-05
17.4933,0.000185497
17.4973,0.000556122
17.5013,-0.000311638
17.5053,-0.000656589
17.5093,-7.8867e-05
17.5133,0.000524653
17.5173,0.00110116
17.5213,0.00014303
17.5253,0.000754661
17.5293,0.000249192
17.5333,0.000929075
17.5373,0.000324107
17.5413,-0.000568769
17.5453,0.000452957
17.5493,0.000869604
17.5533,-0.000525745
17.5573,-0.000349213
17.5613,-0.00127056
17.5653,-0.00073252
17.5693,-0.000250172
17.5733,0.00140119
17.5773,0.000640165
17.5813,-0.000200807
17.5853,0.00115641
17.5893,0.0012758
17.5933,-0.000314536
17.5973,0.00151658
17.6013,0.00114508
17.6053,6.76566e-05
17.6093,-0.00124776
17.6133,0.00118221
17.6173,0.00199438
17.6213,0.000366017
17.6253,0.00104892
17.6293,0.000900169
17.6333,0.00217547
17.6373,0.00184598
17.6413,0.001442
17.6453,0.000897172
17.6493,-0.000532408
17.6533,0.00072687
17.6573,-0.000357213
17.6613,0.00119711
17.6653,0.000405375
17.6693,0.000705742
17.6733,0.0018055
17.6773,0.00133594
17.6813,0.000216954
17.6853,0.00303122
17.6893,6.49815e-05
17.6933,0.00142288
17.6973,0.00205252
17.7013,-0.00130068
17.7053,-0.000249727
17.7093,0.000127797
17.7133,0.000672947
17.7173,-0.00124688
17.7213,-0.00198613
17.7253,-0.00131991
17.7293,-0.00141062
17.7333,-0.000840341
17.7373,0.00166143
17.7413,0.000326002
17.7453,-0.00168377
17.7493,0.00046185
17.7533,0.000565237
17.7573,-0.000832118
17.7613,-0.000339875
17.7653,-0.000836341
17.7693,-0.000174019
17.7733,-0.00149044
17.7773,0.00034635
17.7813,0.00174826
17.7853,0.000578018
17.7893,-0.000522079
17.7933,0.000138584
17.7973,0.000972434
17.8013,0.00142377
17.8053,-0.000214257
17.8093,0.000154139
17.8133,0.000771666
17.8173,7.02078e-05
17.8213,-0.000161572
17.8253,0.000510757
17.8293,-0.000173127
17.8333,-0.0022417
17.8373,-0.00200748
17.8413,-0.00101488
17.8453,-5.56209e-05
17.8493,-0.000617119
17.8533,-4.49576e-05
17.8573,-0.00145398
17.8613,-0.00140463
17.8653,0.00110872
17.8693,0.000147365
17.8733,0.000930636
17.8773,0.000623483
17.8813,-0.001285
17.8853,0.000717086
17.8893,0.00202528
17.8933,0.000949201
17.8973,0.00125701
17.9013,0.00250452
17.9053,0.000738537
17.9093,0.00141075
17.9133,0.00192001
17.9173,0.000248969
17.9213,-0.000198701
17.9253,0.000794231
17.9293,0.000710745
17.9333,-0.000127105
17.9373,-0.000847351
17.9413,-0.000306647
17.9453,-0.000585885
17.9493,-0.00121197
17.9533,-0.000830557
17.9573,0.000285095
17.9613,-8.46383e-05
17.9653,-0.000692938
17.9693,-0.00187074
17.9733,-0.00132235
