-0.999496,0.109091
-0.998488,0.0986514
-0.99748,0.085828
-0.996472,0.070836
-0.995464,0.0535685
-0.994456,0.0339856
-0.993448,0.0118511
-0.99244,-0.0130232
-0.991431,-0.0410389
-0.990423,-0.0693692
-0.989415,-0.097177
-0.988407,-0.123641
-0.987399,-0.147555
-0.986391,-0.167808
-0.985383,-0.183131
-0.984375,-0.192624
-0.983367,-0.195892
-0.982359,-0.19304
-0.981351,-0.184949
-0.980343,-0.172886
-0.979335,-0.158849
-0.978327,-0.14486
-0.977319,-0.132849
-0.97631,-0.124172
-0.975302,-0.119566
-0.974294,-0.119292
-0.973286,-0.123037
-0.972278,-0.13021
-0.97127,-0.139956
-0.970262,-0.151579
-0.969254,-0.164543
-0.968246,-0.178329
-0.967238,-0.19214
-0.96623,-0.204872
-0.965222,-0.215218
-0.964214,-0.221931
-0.963206,-0.223856
-0.962198,-0.220214
-0.96119,-0.210785
-0.960181,-0.196243
-0.959173,-0.178268
-0.958165,-0.159138
-0.957157,-0.141315
-0.956149,-0.126825
-0.955141,-0.117107
-0.954133,-0.112588
-0.953125,-0.112479
-0.952117,-0.114809
-0.951109,-0.116809
-0.950101,-0.115816
-0.949093,-0.109829
-0.948085,-0.0979606
-0.947077,-0.0804504
-0.946069,-0.0588294
-0.94506,-0.0359904
-0.944052,-0.0155434
-0.943044,-0.00105455
-0.942036,0.00494785
-0.941028,0.00120049
-0.94002,-0.0119522
-0.939012,-0.0325841
-0.938004,-0.0573952
-0.936996,-0.0822593
-0.935988,-0.10331
-0.93498,-0.117683
-0.933972,-0.124302
-0.932964,-0.123723
-0.931956,-0.118136
-0.930948,-0.110824
-0.92994,-0.105537
-0.928931,-0.105573
-0.927923,-0.112721
-0.926915,-0.126921
-0.925907,-0.145946
-0.924899,-0.166201
-0.923891,-0.183426
-0.922883,-0.193692
-0.921875,-0.194177
-0.920867,-0.183696
-0.919859,-0.163456
-0.918851,-0.136541
-0.917843,-0.107357
-0.916835,-0.0803714
-0.915827,-0.0594252
-0.914819,-0.0472369
-0.91381,-0.0447852
-0.912802,-0.0514878
-0.911794,-0.0650901
-0.910786,-0.0826686
-0.909778,-0.101143
-0.90877,-0.117905
-0.907762,-0.131073
-0.906754,-0.139473
-0.905746,-0.143022
-0.904738,-0.142304
-0.90373,-0.138522
-0.902722,-0.133017
-0.901714,-0.127316
-0.900706,-0.122938
-0.899698,-0.120986
-0.89869,-0.121998
-0.897681,-0.12567
-0.896673,-0.131018
-0.895665,-0.136178
-0.894657,-0.138594
-0.893649,-0.135421
-0.892641,-0.124146
-0.891633,-0.103241
-0.890625,-0.0724396
-0.889617,-0.0329144
-0.888609,0.0128299
-0.887601,0.0612516
-0.886593,0.108253
-0.885585,0.149937
-0.884577,0.183182
-0.883569,0.206023
-0.88256,0.217737
-0.881552,0.218763
-0.880544,0.210554
-0.879536,0.195115
-0.878528,0.174664
-0.87752,0.15132
-0.876512,0.127032
-0.875504,0.10341
-0.874496,0.0817109
-0.873488,0.0627668
-0.87248,0.0468947
-0.871472,0.033786
-0.870464,0.0224741
-0.869456,0.0115356
-0.868448,-0.000807945
-0.86744,-0.0162516
-0.866431,-0.0360559
-0.865423,-0.0605714
-0.864415,-0.0890925
-0.863407,-0.119843
-0.862399,-0.150225
-0.861391,-0.177252
-0.860383,-0.19803
-0.859375,-0.210304
-0.858367,-0.212893
-0.857359,-0.205947
-0.856351,-0.190751
-0.855343,-0.169415
-0.854335,-0.144385
-0.853327,-0.118022
-0.852319,-0.0922093
-0.85131,-0.0681153
-0.850302,-0.0462451
-0.849294,-0.0264791
-0.848286,-0.0083695
-0.847278,0.00861302
-0.84627,0.0248981
-0.845262,0.040607
-0.844254,0.0557072
-0.843246,0.0698711
-0.842238,0.0826889
-0.84123,0.0935782
-0.840222,0.101943
-0.839214,0.10741
-0.838206,0.109782
-0.837198,0.109191
-0.83619,0.105826
-0.835181,0.100083
-0.834173,0.0924003
-0.833165,0.0831743
-0.832157,0.0726591
-0.831149,0.0607669
-0.830141,0.0471879
-0.829133,0.0313742
-0.828125,0.0127981
-0.827117,-0.00872286
-0.826109,-0.0328241
-0.825101,-0.0583582
-0.824093,-0.0835346
-0.823085,-0.105824
-0.822077,-0.122264
-0.821069,-0.130037
-0.82006,-0.127029
-0.819052,-0.112308
-0.818044,-0.0859733
-0.817036,-0.0493481
-0.816028,-0.00480431
-0.81502,0.0442361
-0.814012,0.0939331
-0.813004,0.140688
-0.811996,0.181464
-0.810988,0.213837
-0.80998,0.235886
-0.808972,0.246813
-0.807964,0.247015
-0.806956,0.23817
-0.805948,0.222575
-0.80494,0.203114
-0.803931,0.183103
-0.802923,0.166002
-0.801915,0.15479
-0.800907,0.151032
-0.799899,0.154937
-0.798891,0.165332
-0.797883,0.180246
-0.796875,0.196773
-0.795867,0.211544
-0.794859,0.221347
-0.793851,0.223797
-0.792843,0.217769
-0.791835,0.20307
-0.790827,0.180451
-0.789819,0.151372
-0.78881,0.118077
-0.787802,0.0833134
-0.786794,0.0498881
-0.785786,0.0204539
-0.784778,-0.00279545
-0.78377,-0.0182562
-0.782762,-0.0253784
-0.781754,-0.0249379
-0.780746,-0.0189041
-0.779738,-0.01023
-0.77873,-0.00219794
-0.777722,0.00201995
-0.776714,0.000198108
-0.775706,-0.00853935
-0.774698,-0.0235051
-0.77369,-0.0426472
-0.772681,-0.0630351
-0.771673,-0.0812895
-0.770665,-0.0942875
-0.769657,-0.0995493
-0.768649,-0.0957727
-0.767641,-0.0827347
-0.766633,-0.0612033
-0.765625,-0.0325794
-0.764617,0.00122461
-0.763609,0.037915
-0.762601,0.0750344
-0.761593,0.110052
-0.760585,0.140641
-0.759577,0.164726
-0.758569,0.180771
-0.75756,0.18788
-0.756552,0.185969
-0.755544,0.175802
-0.754536,0.158916
-0.753528,0.137387
-0.75252,0.113432
-0.751512,0.089094
-0.750504,0.0660842
-0.749496,0.0457917
-0.748488,0.0292404
-0.74748,0.0170555
-0.746472,0.00943685
-0.745464,0.00621165
-0.744456,0.00684587
-0.743448,0.0104215
-0.74244,0.0155362
-0.741431,0.0203557
-0.740423,0.0228699
-0.739415,0.0214193
-0.738407,0.0150381
-0.737399,0.00371133
-0.736391,-0.01152
-0.735383,-0.0286
-0.734375,-0.0446326
-0.733367,-0.0565172
-0.732359,-0.0614497
-0.731351,-0.0575002
-0.730343,-0.0438424
-0.729335,-0.020849
-0.728327,0.00984196
-0.727319,0.0458054
-0.72631,0.0842201
-0.725302,0.122462
-0.724294,0.158265
-0.723286,0.189814
-0.722278,0.216021
-0.72127,0.236519
-0.720262,0.251773
-0.719254,0.262552
-0.718246,0.269665
-0.717238,0.273822
-0.71623,0.275593
-0.715222,0.275175
-0.714214,0.27185
-0.713206,0.263972
-0.712198,0.249399
-0.71119,0.226137
-0.710181,0.192894
-0.709173,0.149507
-0.708165,0.0973637
-0.707157,0.0397564
-0.706149,-0.0183477
-0.705141,-0.0708963
-0.704133,-0.112082
-0.703125,-0.13735
-0.702117,-0.144317
-0.701109,-0.133183
-0.700101,-0.106756
-0.699093,-0.0701198
-0.698085,-0.0294619
-0.697077,0.00899157
-0.696069,0.0404022
-0.69506,0.0619318
-0.694052,0.0731188
-0.693044,0.0756015
-0.692036,0.0724809
-0.691028,0.0676578
-0.69002,0.064748
-0.689012,0.0665909
-0.688004,0.0746617
-0.686996,0.0892127
-0.685988,0.109396
-0.68498,0.133586
-0.683972,0.159812
-0.682964,0.185884
-0.681956,0.209927
-0.680948,0.230245
-0.67994,0.245513
-0.678931,0.254493
-0.677923,0.256203
-0.676915,0.250066
-0.675907,0.235891
-0.674899,0.214098
-0.673891,0.185465
-0.672883,0.151431
-0.671875,0.11385
-0.670867,0.0751089
-0.669859,0.0376785
-0.668851,0.00376901
-0.667843,-0.0247834
-0.666835,-0.0466437
-0.665827,-0.0608771
-0.664819,-0.0673969
-0.66381,-0.0668355
-0.662802,-0.0605432
-0.661794,-0.0501021
-0.660786,-0.037232
-0.659778,-0.023656
-0.65877,-0.0109013
-0.657762,-9.0009e-05
-0.656754,0.00844206
-0.655746,0.0149178
-0.654738,0.0202156
-0.65373,0.0255685
-0.652722,0.0326783
-0.651714,0.0433626
-0.650706,0.0591425
-0.649698,0.0809193
-0.64869,0.108585
-0.647681,0.141185
-0.646673,0.176536
-0.645665,0.211495
-0.644657,0.242152
-0.643649,0.264759
-0.642641,0.276358
-0.641633,0.275083
-0.640625,0.260556
-0.639617,0.233922
-0.638609,0.198188
-0.637601,0.157407
-0.636593,0.116067
-0.635585,0.077957
-0.634577,0.0457103
-0.633569,0.0205623
-0.63256,0.00211741
-0.631552,-0.0113806
-0.630544,-0.022939
-0.629536,-0.0356481
-0.628528,-0.0521045
-0.62752,-0.0737762
-0.626512,-0.100879
-0.625504,-0.132356
-0.624496,-0.16579
-0.623488,-0.198102
-0.62248,-0.22594
-0.621472,-0.246367
-0.620464,-0.257177
-0.619456,-0.257202
-0.618448,-0.246678
-0.61744,-0.227033
-0.616431,-0.200736
-0.615423,-0.170735
-0.614415,-0.140206
-0.613407,-0.112445
-0.612399,-0.0903504
-0.611391,-0.0759802
-0.610383,-0.0699997
-0.609375,-0.0718949
-0.608367,-0.0802568
-0.607359,-0.0928633
-0.606351,-0.106967
-0.605343,-0.119501
-0.604335,-0.127914
-0.603327,-0.130534
-0.602319,-0.126744
-0.60131,-0.116815
-0.600302,-0.10164
-0.599294,-0.082846
-0.598286,-0.0623563
-0.597278,-0.0422176
-0.59627,-0.024085
-0.595262,-0.00931672
-0.594254,0.0011604
-0.593246,0.00688386
-0.592238,0.0079115
-0.59123,0.00478836
-0.590222,-0.00156023
-0.589214,-0.00962226
-0.588206,-0.0174806
-0.587198,-0.022936
-0.58619,-0.024257
-0.585181,-0.0202989
-0.584173,-0.0108186
-0.583165,0.00365102
-0.582157,0.0215164
-0.581149,0.0400963
-0.580141,0.056279
-0.579133,0.0672036
-0.578125,0.0710704
-0.577117,0.0668664
-0.576109,0.0545599
-0.575101,0.035126
-0.574093,0.0106489
-0.573085,-0.0161248
-0.572077,-0.0426745
-0.571069,-0.0669786
-0.57006,-0.0876576
-0.569052,-0.103676
-0.568044,-0.114429
-0.567036,-0.119886
-0.566028,-0.120341
-0.56502,-0.116134
-0.564012,-0.107275
-0.563004,-0.0937364
-0.561996,-0.0757376
-0.560988,-0.0538013
-0.55998,-0.0287594
-0.558972,-0.00158585
-0.557964,0.026389
-0.556956,0.0535989
-0.555948,0.07828
-0.55494,0.0987949
-0.553931,0.113933
-0.552923,0.123024
-0.551915,0.126052
-0.550907,0.123538
-0.549899,0.116715
-0.548891,0.107246
-0.547883,0.09705
-0.546875,0.0877423
-0.545867,0.0804364
-0.544859,0.0756703
-0.543851,0.0733577
-0.542843,0.0731026
-0.541835,0.0741117
-0.540827,0.0758399
-0.539819,0.0780322
-0.53881,0.0810746
-0.537802,0.0857245
-0.536794,0.0926105
-0.535786,0.102034
-0.534778,0.113255
-0.53377,0.124568
-0.532762,0.132907
-0.531754,0.134509
-0.530746,0.125762
-0.529738,0.104242
-0.52873,0.0699053
-0.527722,0.0256745
-0.526714,-0.0217852
-0.525706,-0.0621419
-0.524698,-0.0820198
-0.52369,-0.0661117
-0.522681,0.0010994
-0.521673,0.134032
-0.520665,0.34437
-0.519657,0.640056
-0.518649,1.02478
-0.517641,1.49782
-0.516633,2.05488
-0.515625,2.68865
-0.514617,3.39032
-0.513609,4.15048
-0.512601,4.96027
-0.511593,5.81211
-0.510585,6.69982
-0.509577,7.61923
-0.508569,8.5677
-0.50756,9.54439
-0.506552,10.5493
-0.505544,11.5828
-0.504536,12.6455
-0.503528,13.7372
-0.50252,14.8569
-0.501512,16.0015
-0.500504,17.1662
-0.499496,18.3448
-0.498488,19.5301
-0.49748,20.7149
-0.496472,21.893
-0.495464,23.0596
-0.494456,24.2126
-0.493448,25.3521
-0.49244,26.4803
-0.491431,27.6004
-0.490423,28.7161
-0.489415,29.8305
-0.488407,30.9455
-0.487399,32.062
-0.486391,33.1799
-0.485383,34.2981
-0.484375,35.4154
-0.483367,36.5309
-0.482359,37.6436
-0.481351,38.7529
-0.480343,39.858
-0.479335,40.9582
-0.478327,42.0523
-0.477319,43.139
-0.47631,44.2175
-0.475302,45.2872
-0.474294,46.3483
-0.473286,47.4018
-0.472278,48.4489
-0.47127,49.4907
-0.470262,50.5279
-0.469254,51.5598
-0.468246,52.5849
-0.467238,53.6005
-0.46623,54.6036
-0.465222,55.5911
-0.464214,56.5609
-0.463206,57.512
-0.462198,58.4453
-0.46119,59.3629
-0.460181,60.2684
-0.459173,61.1659
-0.458165,62.0598
-0.457157,62.9531
-0.456149,63.8479
-0.455141,64.7448
-0.454133,65.6433
-0.453125,66.5419
-0.452117,67.438
-0.451109,68.3285
-0.450101,69.2101
-0.449093,70.0802
-0.448085,70.9365
-0.447077,71.7779
-0.446069,72.6036
-0.44506,73.4149
-0.444052,74.2143
-0.443044,75.0054
-0.442036,75.7926
-0.441028,76.5806
-0.44002,77.3736
-0.439012,78.1751
-0.438004,78.9868
-0.436996,79.8083
-0.435988,80.6368
-0.43498,81.4679
-0.433972,82.2962
-0.432964,83.1163
-0.431956,83.9232
-0.430948,84.7133
-0.42994,85.4844
-0.428931,86.2363
-0.427923,86.9702
-0.426915,87.6883
-0.425907,88.3931
-0.424899,89.0872
-0.423891,89.773
-0.422883,90.4527
-0.421875,91.1281
-0.420867,91.8007
-0.419859,92.4715
-0.418851,93.1416
-0.417843,93.8119
-0.416835,94.4828
-0.415827,95.1542
-0.414819,95.8256
-0.41381,96.4958
-0.412802,97.1631
-0.411794,97.8258
-0.410786,98.4821
-0.409778,99.1307
-0.40877,99.7702
-0.407762,100.4
-0.406754,101.02
-0.405746,101.629
-0.404738,102.23
-0.40373,102.821
-0.402722,103.402
-0.401714,103.975
-0.400706,104.537
-0.399698,105.089
-0.39869,105.628
-0.397681,106.155
-0.396673,106.668
-0.395665,107.169
-0.394657,107.657
-0.393649,108.133
-0.392641,108.599
-0.391633,109.056
-0.390625,109.503
-0.389617,109.942
-0.388609,110.37
-0.387601,110.786
-0.386593,111.188
-0.385585,111.576
-0.384577,111.951
-0.383569,112.313
-0.38256,112.666
-0.381552,113.015
-0.380544,113.363
-0.379536,113.712
-0.378528,114.067
-0.37752,114.427
-0.376512,114.792
-0.375504,115.16
-0.374496,115.53
-0.373488,115.9
-0.37248,116.268
-0.371472,116.634
-0.370464,116.998
-0.369456,117.361
-0.368448,117.723
-0.36744,118.084
-0.366431,118.443
-0.365423,118.801
-0.364415,119.154
-0.363407,119.502
-0.362399,119.844
-0.361391,120.179
-0.360383,120.507
-0.359375,120.829
-0.358367,121.144
-0.357359,121.452
-0.356351,121.753
-0.355343,122.045
-0.354335,122.326
-0.353327,122.595
-0.352319,122.851
-0.35131,123.092
-0.350302,123.318
-0.349294,123.53
-0.348286,123.728
-0.347278,123.913
-0.34627,124.088
-0.345262,124.252
-0.344254,124.406
-0.343246,124.551
-0.342238,124.689
-0.34123,124.819
-0.340222,124.942
-0.339214,125.061
-0.338206,125.175
-0.337198,125.286
-0.33619,125.394
-0.335181,125.497
-0.334173,125.595
-0.333165,125.685
-0.332157,125.764
-0.331149,125.832
-0.330141,125.886
-0.329133,125.928
-0.328125,125.958
-0.327117,125.978
-0.326109,125.991
-0.325101,125.998
-0.324093,126.001
-0.323085,126
-0.322077,125.995
-0.321069,125.982
-0.32006,125.96
-0.319052,125.928
-0.318044,125.885
-0.317036,125.83
-0.316028,125.767
-0.31502,125.698
-0.314012,125.627
-0.313004,125.559
-0.311996,125.497
-0.310988,125.441
-0.30998,125.392
-0.308972,125.348
-0.307964,125.307
-0.306956,125.265
-0.305948,125.218
-0.30494,125.164
-0.303931,125.101
-0.302923,125.03
-0.301915,124.953
-0.300907,124.871
-0.299899,124.786
-0.298891,124.702
-0.297883,124.619
-0.296875,124.536
-0.295867,124.452
-0.294859,124.362
-0.293851,124.263
-0.292843,124.151
-0.291835,124.024
-0.290827,123.881
-0.289819,123.722
-0.28881,123.549
-0.287802,123.365
-0.286794,123.173
-0.285786,122.976
-0.284778,122.776
-0.28377,122.572
-0.282762,122.365
-0.281754,122.153
-0.280746,121.934
-0.279738,121.71
-0.27873,121.479
-0.277722,121.246
-0.276714,121.012
-0.275706,120.781
-0.274698,120.554
-0.27369,120.333
-0.272681,120.116
-0.271673,119.9
-0.270665,119.681
-0.269657,119.452
-0.268649,119.209
-0.267641,118.948
-0.266633,118.669
-0.265625,118.37
-0.264617,118.053
-0.263609,117.722
-0.262601,117.38
-0.261593,117.029
-0.260585,116.673
-0.259577,116.314
-0.258569,115.954
-0.25756,115.594
-0.256552,115.236
-0.255544,114.88
-0.254536,114.53
-0.253528,114.185
-0.25252,113.847
-0.251512,113.515
-0.250504,113.188
-0.249496,112.866
-0.248488,112.544
-0.24748,112.221
-0.246472,111.892
-0.245464,111.554
-0.244456,111.204
-0.243448,110.839
-0.24244,110.459
-0.241431,110.066
-0.240423,109.661
-0.239415,109.249
-0.238407,108.834
-0.237399,108.42
-0.236391,108.009
-0.235383,107.601
-0.234375,107.198
-0.233367,106.794
-0.232359,106.388
-0.231351,105.975
-0.230343,105.553
-0.229335,105.12
-0.228327,104.677
-0.227319,104.225
-0.22631,103.77
-0.225302,103.314
-0.224294,102.861
-0.223286,102.412
-0.222278,101.969
-0.22127,101.532
-0.220262,101.097
-0.219254,100.662
-0.218246,100.225
-0.217238,99.7835
-0.21623,99.3348
-0.215222,98.8784
-0.214214,98.414
-0.213206,97.9422
-0.212198,97.4642
-0.21119,96.9814
-0.210181,96.4949
-0.209173,96.0056
-0.208165,95.5137
-0.207157,95.0191
-0.206149,94.5208
-0.205141,94.0172
-0.204133,93.5065
-0.203125,92.9873
-0.202117,92.459
-0.201109,91.9217
-0.200101,91.377
-0.199093,90.8275
-0.198085,90.277
-0.197077,89.7295
-0.196069,89.1881
-0.19506,88.6549
-0.194052,88.1306
-0.193044,87.6139
-0.192036,87.1023
-0.191028,86.592
-0.19002,86.0791
-0.189012,85.5603
-0.188004,85.0334
-0.186996,84.4977
-0.185988,83.9539
-0.18498,83.4035
-0.183972,82.8491
-0.182964,82.2929
-0.181956,81.737
-0.180948,81.1821
-0.17994,80.6287
-0.178931,80.0766
-0.177923,79.5252
-0.176915,78.9745
-0.175907,78.424
-0.174899,77.8734
-0.173891,77.3225
-0.172883,76.7711
-0.171875,76.2186
-0.170867,75.664
-0.169859,75.1064
-0.168851,74.5449
-0.167843,73.9792
-0.166835,73.4096
-0.165827,72.8363
-0.164819,72.2598
-0.16381,71.6806
-0.162802,71.0995
-0.161794,70.5169
-0.160786,69.9333
-0.159778,69.3491
-0.15877,68.7659
-0.157762,68.186
-0.156754,67.6127
-0.155746,67.0493
-0.154738,66.4988
-0.15373,65.9634
-0.152722,65.4435
-0.151714,64.9372
-0.150706,64.4402
-0.149698,63.9463
-0.14869,63.4485
-0.147681,62.9398
-0.146673,62.4142
-0.145665,61.8672
-0.144657,61.297
-0.143649,60.7041
-0.142641,60.0909
-0.141633,59.4615
-0.140625,58.8206
-0.139617,58.1735
-0.138609,57.5246
-0.137601,56.8776
-0.136593,56.2351
-0.135585,55.5988
-0.134577,54.9699
-0.133569,54.3485
-0.13256,53.7344
-0.131552,53.1271
-0.130544,52.5262
-0.129536,51.9312
-0.128528,51.3412
-0.12752,50.7553
-0.126512,50.1726
-0.125504,49.5922
-0.124496,49.0125
-0.123488,48.4322
-0.12248,47.8499
-0.121472,47.2648
-0.120464,46.6763
-0.119456,46.0845
-0.118448,45.49
-0.11744,44.8941
-0.116431,44.2986
-0.115423,43.7054
-0.114415,43.1158
-0.113407,42.5309
-0.112399,41.951
-0.111391,41.3756
-0.110383,40.8031
-0.109375,40.2314
-0.108367,39.6581
-0.107359,39.0818
-0.106351,38.5017
-0.105343,37.9183
-0.104335,37.3331
-0.103327,36.7486
-0.102319,36.1677
-0.10131,35.5927
-0.100302,35.0251
-0.0992944,34.4647
-0.0982863,33.9103
-0.0972782,33.3592
-0.0962702,32.8085
-0.0952621,32.2549
-0.094254,31.6959
-0.093246,31.1301
-0.0922379,30.5571
-0.0912298,29.9775
-0.0902218,29.3925
-0.0892137,28.8033
-0.0882056,28.211
-0.0871976,27.6167
-0.0861895,27.0214
-0.0851815,26.4258
-0.0841734,25.8314
-0.0831653,25.2396
-0.0821573,24.6523
-0.0811492,24.0714
-0.0801411,23.4981
-0.0791331,22.9327
-0.078125,22.3744
-0.0771169,21.8217
-0.0761089,21.272
-0.0751008,20.7227
-0.0740927,20.1714
-0.0730847,19.6168
-0.0720766,19.0588
-0.0710685,18.4982
-0.0700605,17.9364
-0.0690524,17.3753
-0.0680444,16.8167
-0.0670363,16.2619
-0.0660282,15.7113
-0.0650202,15.1651
-0.0640121,14.6226
-0.063004,14.0837
-0.061996,13.548
-0.0609879,13.0151
-0.0599798,12.4846
-0.0589718,11.9561
-0.0579637,11.4292
-0.0569556,10.9027
-0.0559476,10.3759
-0.0549395,9.84767
-0.0539315,9.31751
-0.0529234,8.78525
-0.0519153,8.25127
-0.0509073,7.71646
-0.0498992,7.18218
-0.0488911,6.64991
-0.0478831,6.12121
-0.046875,5.59744
-0.0458669,5.07968
-0.0448589,4.56868
-0.0438508,4.06479
-0.0428427,3.56798
-0.0418347,3.07774
-0.0408266,2.59344
-0.0398185,2.11421
-0.0388105,1.63924
-0.0378024,1.16815
-0.0367944,0.701402
-0.0357863,0.240689
-0.0347782,-0.211055
-0.0337702,-0.649589
-0.0327621,-1.0695
-0.031754,-1.4645
-0.030746,-1.82787
-0.0297379,-2.15314
-0.0287298,-2.43457
-0.0277218,-2.66759
-0.0267137,-2.84897
-0.0257056,-2.97708
-0.0246976,-3.05204
-0.0236895,-3.07558
-0.0226815,-3.05066
-0.0216734,-2.98099
-0.0206653,-2.87083
-0.0196573,-2.72456
-0.0186492,-2.54651
-0.0176411,-2.34077
-0.0166331,-2.11116
-0.015625,-1.86151
-0.0146169,-1.5958
-0.0136089,-1.31863
-0.0126008,-1.03527
-0.0115927,-0.751866
-0.0105847,-0.477923
-0.00957661,-0.231342
-0.00856855,-0.0462216
-0.00756048,0.0227503
-0.00655242,-0.100998
-0.00554435,-0.512807
-0.00453629,-1.31882
-0.00352823,-2.62374
-0.00252016,-4.50986
-0.0015121,-7.01711
-0.000504032,-10.1229
0.000504032,-13.7347
0.0015121,-17.6929
0.00252016,-21.7825
0.00352823,-25.7565
0.00453629,-29.3639
0.00554435,-32.3874
0.00655242,-34.67
0.00756048,-36.1325
0.00856855,-36.7741
0.00957661,-36.6633
0.0105847,-35.9223
0.0115927,-34.7044
0.0126008,-33.1728
0.0136089,-31.477
0.0146169,-29.7399
0.015625,-28.0511
0.0166331,-26.4693
0.0176411,-25.0261
0.0186492,-23.7305
0.0196573,-22.5772
0.0206653,-21.5527
0.0216734,-20.6407
0.0226815,-19.8246
0.0236895,-19.0887
0.0246976,-18.4193
0.0257056,-17.8067
0.0267137,-17.2472
0.0277218,-16.7423
0.0287298,-16.2968
0.0297379,-15.9161
0.030746,-15.604
0.031754,-15.3613
0.0327621,-15.1844
0.0337702,-15.0648
0.0347782,-14.9898
0.0357863,-14.9441
0.0367944,-14.9116
0.0378024,-14.8772
0.0388105,-14.8292
0.0398185,-14.7598
0.0408266,-14.6659
0.0418347,-14.5483
0.0428427,-14.4106
0.0438508,-14.2582
0.0448589,-14.0966
0.0458669,-13.931
0.046875,-13.7658
0.0478831,-13.6041
0.0488911,-13.448
0.0498992,-13.2983
0.0509073,-13.1546
0.0519153,-13.0153
0.0529234,-12.8785
0.0539315,-12.7412
0.0549395,-12.6005
0.0559476,-12.4531
0.0569556,-12.2962
0.0579637,-12.1276
0.0589718,-11.9457
0.0599798,-11.75
0.0609879,-11.5404
0.061996,-11.3179
0.063004,-11.084
0.0640121,-10.8402
0.0650202,-10.5883
0.0660282,-10.3296
0.0670363,-10.0657
0.0680444,-9.79786
0.0690524,-9.52759
0.0700605,-9.25644
0.0710685,-8.98611
0.0720766,-8.71855
0.0730847,-8.45554
0.0740927,-8.19836
0.0751008,-7.94719
0.0761089,-7.70098
0.0771169,-7.45742
0.078125,-7.21323
0.0791331,-6.96491
0.0801411,-6.7093
0.0811492,-6.44466
0.0821573,-6.1714
0.0831653,-5.89262
0.0841734,-5.61382
0.0851815,-5.34204
0.0861895,-5.08495
0.0871976,-4.84959
0.0882056,-4.64146
0.0892137,-4.46343
0.0902218,-4.31563
0.0912298,-4.19553
0.0922379,-4.09893
0.093246,-4.02098
0.094254,-3.95732
0.0952621,-3.90482
0.0962702,-3.86186
0.0972782,-3.82836
0.0982863,-3.8051
0.0992944,-3.79328
0.100302,-3.79361
0.10131,-3.80587
0.102319,-3.82849
0.103327,-3.85904
0.104335,-3.89495
0.105343,-3.93428
0.106351,-3.97615
0.107359,-4.0209
0.108367,-4.07029
0.109375,-4.12695
0.110383,-4.19357
0.111391,-4.27163
0.112399,-4.36068
0.113407,-4.45822
0.114415,-4.56016
0.115423,-4.66134
0.116431,-4.75631
0.11744,-4.84014
0.118448,-4.90938
0.119456,-4.9622
0.120464,-4.99804
0.121472,-5.01663
0.12248,-5.01728
0.123488,-4.9984
0.124496,-4.9571
0.125504,-4.88939
0.126512,-4.79066
0.12752,-4.65687
0.128528,-4.48548
0.129536,-4.27631
0.130544,-4.03169
0.131552,-3.7563
0.13256,-3.4565
0.133569,-3.13951
0.134577,-2.81246
0.135585,-2.48172
0.136593,-2.15246
0.137601,-1.8284
0.138609,-1.51219
0.139617,-1.20564
0.140625,-0.910449
0.141633,-0.628029
0.142641,-0.359709
0.143649,-0.10653
0.144657,0.130945
0.145665,0.352592
0.146673,0.559109
0.147681,0.751694
0.14869,0.932086
0.149698,1.10174
0.150706,1.26167
0.151714,1.41225
0.152722,1.55318
0.15373,1.68371
0.154738,1.8026
0.155746,1.90883
0.156754,2.0016
0.157762,2.08087
0.15877,2.1473
0.159778,2.20225
0.160786,2.2474
0.161794,2.28423
0.162802,2.31401
0.16381,2.33747
0.164819,2.35484
0.165827,2.3656
0.166835,2.36868
0.167843,2.36268
0.168851,2.34609
0.169859,2.31752
0.170867,2.27571
0.171875,2.21971
0.172883,2.14944
0.173891,2.066
0.174899,1.97171
0.175907,1.87008
0.176915,1.76575
0.177923,1.66468
0.178931,1.57346
0.17994,1.49868
0.180948,1.44593
0.181956,1.41944
0.182964,1.42157
0.183972,1.45227
0.18498,1.50915
0.185988,1.58768
0.186996,1.68258
0.188004,1.78829
0.189012,1.89976
0.19002,2.01248
0.191028,2.1231
0.192036,2.22966
0.193044,2.33128
0.194052,2.42774
0.19506,2.51884
0.196069,2.60478
0.197077,2.68608
0.198085,2.76372
0.199093,2.83871
0.200101,2.91213
0.201109,2.98527
0.202117,3.05955
0.203125,3.13625
0.204133,3.21594
0.205141,3.29873
0.206149,3.38439
0.207157,3.47312
0.208165,3.56543
0.209173,3.66224
0.210181,3.76449
0.21119,3.87317
0.212198,3.98887
0.213206,4.11103
0.214214,4.23774
0.215222,4.36533
0.21623,4.48909
0.217238,4.60357
0.218246,4.70349
0.219254,4.78434
0.220262,4.84291
0.22127,4.87778
0.222278,4.88899
0.223286,4.87808
0.224294,4.84714
0.225302,4.79841
0.22631,4.73384
0.227319,4.65497
0.228327,4.56316
0.229335,4.45955
0.230343,4.34559
0.231351,4.22318
0.232359,4.09465
0.233367,3.96277
0.234375,3.83049
0.235383,3.70086
0.236391,3.5762
0.237399,3.45764
0.238407,3.3447
0.239415,3.23552
0.240423,3.12745
0.241431,3.0174
0.24244,2.90225
0.243448,2.77935
0.244456,2.6478
0.245464,2.50917
0.246472,2.3671
0.24748,2.22639
0.248488,2.09258
0.249496,1.97182
0.250504,1.86975
0.251512,1.78981
0.25252,1.73239
0.253528,1.69536
0.254536,1.67515
0.255544,1.66758
0.256552,1.66844
0.25756,1.67434
0.258569,1.68344
0.259577,1.69578
0.260585,1.71263
0.261593,1.73553
0.262601,1.76567
0.263609,1.80378
0.264617,1.8501
0.265625,1.90417
0.266633,1.96531
0.267641,2.03317
0.268649,2.10815
0.269657,2.1909
0.270665,2.28204
0.271673,2.38169
0.272681,2.48909
0.27369,2.60209
0.274698,2.71715
0.275706,2.83012
0.276714,2.93708
0.277722,3.03502
0.27873,3.1218
0.279738,3.19623
0.280746,3.25814
0.281754,3.30836
0.282762,3.34828
0.28377,3.37937
0.284778,3.40343
0.285786,3.42281
0.286794,3.44057
0.287802,3.45951
0.28881,3.48171
0.289819,3.50766
0.290827,3.53598
0.291835,3.5627
0.292843,3.58164
0.293851,3.58565
0.294859,3.56831
0.295867,3.52553
0.296875,3.45654
0.297883,3.36464
0.298891,3.25673
0.299899,3.14187
0.300907,3.02893
0.301915,2.92475
0.302923,2.83262
0.303931,2.75198
0.30494,2.67831
0.305948,2.60462
0.306956,2.5237
0.307964,2.43073
0.308972,2.32461
0.30998,2.20768
0.310988,2.0853
0.311996,1.96432
0.313004,1.85133
0.314012,1.75033
0.31502,1.66167
0.316028,1.58238
0.317036,1.50709
0.318044,1.42991
0.319052,1.34627
0.32006,1.25469
0.321069,1.15754
0.322077,1.06089
0.323085,0.973507
0.324093,0.904768
0.325101,0.8624
0.326109,0.850367
0.327117,0.867708
0.328125,0.909079
0.329133,0.9662
0.330141,1.02979
0.331149,1.09109
0.332157,1.14357
0.333165,1.18428
0.334173,1.21377
0.335181,1.23485
0.33619,1.2513
0.337198,1.26715
0.338206,1.28594
0.339214,1.30968
0.340222,1.33877
0.34123,1.3724
0.342238,1.40902
0.343246,1.44674
0.344254,1.48303
0.345262,1.5154
0.34627,1.54139
0.347278,1.5591
0.348286,1.56675
0.349294,1.56231
0.350302,1.54477
0.35131,1.51432
0.352319,1.4727
0.353327,1.42122
0.354335,1.36109
0.355343,1.29366
0.356351,1.22012
0.357359,1.14118
0.358367,1.05657
0.359375,0.9669
0.360383,0.874052
0.361391,0.781842
0.362399,0.694868
0.363407,0.617351
0.364415,0.552475
0.365423,0.50141
0.366431,0.462713
0.36744,0.431319
0.368448,0.399448
0.369456,0.358527
0.370464,0.301104
0.371472,0.222447
0.37248,0.121598
0.373488,0.0020505
0.374496,-0.128634
0.375504,-0.260951
0.376512,-0.385767
0.37752,-0.496534
0.378528,-0.590249
0.379536,-0.667472
0.380544,-0.731718
0.381552,-0.78696
0.38256,-0.836016
0.383569,-0.879035
0.384577,-0.913846
0.385585,-0.936823
0.386593,-0.944184
0.387601,-0.934166
0.388609,-0.907722
0.389617,-0.8695
0.390625,-0.826579
0.391633,-0.786707
0.392641,-0.755915
0.393649,-0.737345
0.394657,-0.731245
0.395665,-0.734388
0.396673,-0.741003
0.397681,-0.744331
0.39869,-0.739144
0.399698,-0.722515
0.400706,-0.693838
0.401714,-0.654425
0.402722,-0.606539
0.40373,-0.552947
0.404738,-0.496069
0.405746,-0.437704
0.406754,-0.378178
0.407762,-0.316599
0.40877,-0.251675
0.409778,-0.182148
0.410786,-0.107005
0.411794,-0.0251509
0.412802,0.063979
0.41381,0.159647
0.414819,0.259137
0.415827,0.358163
0.416835,0.452208
0.417843,0.537083
0.418851,0.608654
0.419859,0.663316
0.420867,0.698833
0.421875,0.715116
0.422883,0.713048
0.423891,0.693773
0.424899,0.658753
0.425907,0.610098
0.426915,0.550803
0.427923,0.483537
0.428931,0.411162
0.42994,0.337089
0.430948,0.266134
0.431956,0.203128
0.432964,0.151293
0.433972,0.112221
0.43498,0.0858601
0.435988,0.0703085
0.436996,0.0605976
0.438004,0.0497373
0.439012,0.0305468
0.44002,-0.00308962
0.441028,-0.055575
0.442036,-0.129343
0.443044,-0.223806
0.444052,-0.335359
0.44506,-0.4584
0.446069,-0.586628
0.447077,-0.714526
0.448085,-0.836805
0.449093,-0.949396
0.450101,-1.04935
0.451109,-1.13506
0.452117,-1.2046
0.453125,-1.25492
0.454133,-1.28387
0.455141,-1.29089
0.456149,-1.27779
0.457157,-1.24596
0.458165,-1.19757
0.459173,-1.13626
0.460181,-1.06765
0.46119,-0.997049
0.462198,-0.926905
0.463206,-0.858778
0.464214,-0.794185
0.465222,-0.735573
0.46623,-0.683118
0.467238,-0.634744
0.468246,-0.58756
0.469254,-0.539116
0.470262,-0.48724
0.47127,-0.428163
0.472278,-0.358636
0.473286,-0.278429
0.474294,-0.192004
0.475302,-0.107023
0.47631,-0.0317794
0.477319,0.0250012
0.478327,0.0565738
0.479335,0.0606648
0.480343,0.0415552
0.481351,0.00870673
0.482359,-0.0267724
0.483367,-0.0537594
0.484375,-0.0647087
0.485383,-0.0575949
0.486391,-0.0377121
0.487399,-0.0156018
0.488407,-0.0032943
0.489415,-0.0115487
0.490423,-0.0467529
0.491431,-0.109556
0.49244,-0.193073
0.493448,-0.284833
0.494456,-0.371338
0.495464,-0.442385
0.496472,-0.493049
0.49748,-0.523228
0.498488,-0.538115
0.499496,-0.547073
0.500504,-0.56001
0.501512,-0.582713
0.50252,-0.614898
0.503528,-0.651793
0.504536,-0.686303
0.505544,-0.710793
0.506552,-0.718747
0.50756,-0.70704
0.508569,-0.677396
0.509577,-0.636437
0.510585,-0.593252
0.511593,-0.556634
0.512601,-0.532477
0.513609,-0.523712
0.514617,-0.53103
0.515625,-0.553886
0.516633,-0.590726
0.517641,-0.638561
0.518649,-0.694115
0.519657,-0.754725
0.520665,-0.818977
0.521673,-0.883899
0.522681,-0.944003
0.52369,-0.993014
0.524698,-1.02717
0.525706,-1.0452
0.526714,-1.0459
0.527722,-1.02841
0.52873,-0.993771
0.529738,-0.945404
0.530746,-0.88528
0.531754,-0.812226
0.532762,-0.723725
0.53377,-0.618798
0.534778,-0.499003
0.535786,-0.366983
0.536794,-0.227706
0.537802,-0.0894281
0.53881,0.0368538
0.539819,0.141187
0.540827,0.218212
0.541835,0.266623
0.542843,0.288494
0.543851,0.28879
0.544859,0.276791
0.545867,0.263655
0.546875,0.258335
0.547883,0.265798
0.548891,0.287737
0.549899,0.323759
0.550907,0.370711
0.551915,0.424748
0.552923,0.483866
0.553931,0.548445
0.55494,0.619377
0.555948,0.697136
0.556956,0.782103
0.557964,0.873081
0.558972,0.965316
0.55998,1.05068
0.560988,1.12066
0.561996,1.16927
0.563004,1.19312
0.564012,1.1909
0.56502,1.16417
0.566028,1.11917
0.567036,1.06582
0.568044,1.01273
0.569052,0.964845
0.57006,0.924489
0.571069,0.893878
0.572077,0.87321
0.573085,0.85923
0.574093,0.84821
0.575101,0.838744
0.576109,0.831751
0.577117,0.825658
0.578125,0.81734
0.579133,0.804307
0.580141,0.785971
0.581149,0.761167
0.582157,0.726855
0.583165,0.682374
0.584173,0.631034
0.585181,0.579184
0.58619,0.531809
0.587198,0.492942
0.588206,0.467667
0.589214,0.460553
0.590222,0.472275
0.59123,0.497802
0.592238,0.531022
0.593246,0.567724
0.594254,0.604452
0.595262,0.636888
0.59627,0.661075
0.597278,0.677176
0.598286,0.687306
0.599294,0.691903
0.600302,0.688918
0.60131,0.677511
0.602319,0.660988
0.603327,0.643641
0.604335,0.629584
0.605343,0.623486
0.606351,0.633638
0.607359,0.669066
0.608367,0.733705
0.609375,0.824903
0.610383,0.934827
0.611391,1.05446
0.612399,1.17231
0.613407,1.27592
0.614415,1.35499
0.615423,1.40534
0.616431,1.42962
0.61744,1.43274
0.618448,1.42033
0.619456,1.3969
0.620464,1.3666
0.621472,1.33149
0.62248,1.29099
0.623488,1.2442
0.624496,1.19085
0.625504,1.13278
0.626512,1.07226
0.62752,1.0131
0.628528,0.960028
0.629536,0.916088
0.630544,0.881046
0.631552,0.850436
0.63256,0.819413
0.633569,0.782518
0.634577,0.735255
0.635585,0.674675
0.636593,0.601636
0.637601,0.521966
0.638609,0.442409
0.639617,0.368867
0.640625,0.303049
0.641633,0.244683
0.642641,0.189776
0.643649,0.129873
0.644657,0.0542127
0.645665,-0.0460169
0.646673,-0.171659
0.647681,-0.317705
0.64869,-0.473154
0.649698,-0.623501
0.650706,-0.751539
0.651714,-0.841931
0.652722,-0.886751
0.65373,-0.885846
0.654738,-0.845988
0.655746,-0.776564
0.656754,-0.689149
0.657762,-0.595248
0.65877,-0.503498
0.659778,-0.417562
0.660786,-0.336846
0.661794,-0.259445
0.662802,-0.183594
0.66381,-0.107789
0.664819,-0.0325624
0.665827,0.0388931
0.666835,0.100565
0.667843,0.145961
0.668851,0.170216
0.669859,0.170375
0.670867,0.147013
0.671875,0.103593
0.672883,0.0483164
0.673891,-0.00793385
0.674899,-0.0530072
0.675907,-0.076027
0.676915,-0.0698944
0.677923,-0.032882
0.678931,0.0292972
0.67994,0.10561
0.680948,0.181821
0.681956,0.243478
0.682964,0.278684
0.683972,0.280858
0.68498,0.251313
0.685988,0.197717
0.686996,0.131811
0.688004,0.065941
0.689012,0.0103706
0.69002,-0.0287221
0.691028,-0.0515367
0.692036,-0.0633785
0.693044,-0.0738298
0.694052,-0.0925188
0.69506,-0.128352
0.696069,-0.186687
0.697077,-0.26774
0.698085,-0.365072
0.699093,-0.466891
0.700101,-0.561029
0.701109,-0.63648
0.702117,-0.686757
0.703125,-0.709308
0.704133,-0.708102
0.705141,-0.691239
0.706149,-0.667991
0.707157,-0.644787
0.708165,-0.622463
0.709173,-0.597514
0.710181,-0.562473
0.71119,-0.509295
0.712198,-0.43138
0.713206,-0.327363
0.714214,-0.201446
0.715222,-0.0628493
0.71623,0.0752161
0.717238,0.196416
0.718246,0.284515
0.719254,0.328182
0.720262,0.323112
0.72127,0.271131
0.722278,0.177169
0.723286,0.0502003
0.724294,-0.0968842
0.725302,-0.248406
0.72631,-0.391615
0.727319,-0.518669
0.728327,-0.624797
0.729335,-0.70688
0.730343,-0.765193
0.731351,-0.806562
0.732359,-0.840501
0.733367,-0.874297
0.734375,-0.909603
0.735383,-0.944712
0.736391,-0.975897
0.737399,-0.997079
0.738407,-1.00083
0.739415,-0.982214
0.740423,-0.942893
0.741431,-0.89026
0.74244,-0.834322
0.743448,-0.786362
0.744456,-0.75913
0.745464,-0.764871
0.746472,-0.810972
0.74748,-0.898347
0.748488,-1.02347
0.749496,-1.17928
0.750504,-1.35363
0.751512,-1.5287
0.75252,-1.68603
0.753528,-1.81148
0.754536,-1.89564
0.755544,-1.93185
0.756552,-1.91795
0.75756,-1.86028
0.758569,-1.77302
0.759577,-1.67142
0.760585,-1.56611
0.761593,-1.46289
0.762601,-1.36484
0.763609,-1.27152
0.764617,-1.17697
0.765625,-1.07331
0.766633,-0.957854
0.767641,-0.837054
0.768649,-0.723329
0.769657,-0.630237
0.770665,-0.571215
0.771673,-0.557831
0.772681,-0.59533
0.77369,-0.678114
0.774698,-0.790636
0.775706,-0.913989
0.776714,-1.02984
0.777722,-1.12377
0.77873,-1.1869
0.779738,-1.21985
0.780746,-1.2327
0.781754,-1.23954
0.782762,-1.25339
0.78377,-1.28179
0.784778,-1.32723
0.785786,-1.38524
0.786794,-1.44506
0.787802,-1.49314
0.78881,-1.51814
0.789819,-1.51544
0.790827,-1.48625
0.791835,-1.43749
0.792843,-1.38092
0.793851,-1.33107
0.794859,-1.30114
0.795867,-1.2982
0.796875,-1.32377
0.797883,-1.37352
0.798891,-1.43839
0.799899,-1.50487
0.800907,-1.55857
0.801915,-1.58777
0.802923,-1.58474
0.803931,-1.54594
0.80494,-1.47178
0.805948,-1.3677
0.806956,-1.2421
0.807964,-1.10392
0.808972,-0.958896
0.80998,-0.81126
0.810988,-0.663519
0.811996,-0.516812
0.813004,-0.369786
0.814012,-0.221595
0.81502,-0.0759587
0.816028,0.0595893
0.817036,0.17586
0.818044,0.266431
0.819052,0.326788
0.82006,0.355793
0.821069,0.355842
0.822077,0.333913
0.823085,0.300325
0.824093,0.264653
0.825101,0.233338
0.826109,0.20777
0.827117,0.186529
0.828125,0.166754
0.829133,0.145531
0.830141,0.121474
0.831149,0.0952267
0.832157,0.0711941
0.833165,0.0552601
0.834173,0.0530371
0.835181,0.0665612
0.83619,0.0930756
0.837198,0.126734
0.838206,0.158336
0.839214,0.177754
0.840222,0.173409
0.84123,0.136896
0.842238,0.0638621
0.843246,-0.0457934
0.844254,-0.188308
0.845262,-0.35625
0.84627,-0.535747
0.847278,-0.709899
0.848286,-0.860878
0.849294,-0.975852
0.850302,-1.04793
0.85131,-1.0771
0.852319,-1.07
0.853327,-1.03984
0.854335,-1.00427
0.855343,-0.97923
0.856351,-0.974686
0.857359,-0.991783
0.858367,-1.02501
0.859375,-1.06263
0.860383,-1.09156
0.861391,-1.09918
0.862399,-1.07669
0.863407,-1.02095
0.864415,-0.936128
0.865423,-0.833961
0.866431,-0.726273
0.86744,-0.621427
0.868448,-0.521513
0.869456,-0.426501
0.870464,-0.335835
0.871472,-0.247665
0.87248,-0.160013
0.873488,-0.0723073
0.874496,0.0103039
0.875504,0.0791537
0.876512,0.12676
0.87752,0.149427
0.878528,0.146484
0.879536,0.118122
0.880544,0.0680795
0.881552,0.0054899
0.88256,-0.0586252
0.883569,-0.116144
0.884577,-0.164497
0.885585,-0.203092
0.886593,-0.231992
0.887601,-0.253701
0.888609,-0.273161
0.889617,-0.296493
0.890625,-0.326989
0.891633,-0.367159
0.892641,-0.42026
0.893649,-0.489976
0.894657,-0.578366
0.895665,-0.683444
0.896673,-0.801706
0.897681,-0.927637
0.89869,-1.05436
0.899698,-1.17332
0.900706,-1.27577
0.901714,-1.35554
0.902722,-1.40853
0.90373,-1.43457
0.904738,-1.43623
0.905746,-1.41827
0.906754,-1.3844
0.907762,-1.33461
0.90877,-1.2672
0.909778,-1.1793
0.910786,-1.07045
0.911794,-0.941032
0.912802,-0.795631
0.91381,-0.644662
0.914819,-0.503998
0.915827,-0.391448
0.916835,-0.319858
0.917843,-0.297818
0.918851,-0.326145
0.919859,-0.397639
0.920867,-0.493806
0.921875,-0.590323
0.922883,-0.664253
0.923891,-0.698357
0.924899,-0.683297
0.925907,-0.618352
0.926915,-0.514664
0.927923,-0.392777
0.928931,-0.276381
0.92994,-0.183691
0.930948,-0.12507
0.931956,-0.10309
0.932964,-0.114421
0.933972,-0.147675
0.93498,-0.187368
0.935988,-0.220868
0.936996,-0.245022
0.938004,-0.264988
0.939012,-0.287629
0.94002,-0.320568
0.941028,-0.371207
0.942036,-0.446184
0.943044,-0.54461
0.944052,-0.655822
0.94506,-0.76275
0.946069,-0.847722
0.947077,-0.896717
0.948085,-0.89975
0.949093,-0.853046
0.950101,-0.760985
0.951109,-0.63621
0.952117,-0.496827
0.953125,-0.361554
0.954133,-0.247287
0.955141,-0.165122
0.956149,-0.117794
0.957157,-0.0980958
0.958165,-0.0918976
0.959173,-0.0829605
0.960181,-0.0553358
0.96119,0.00218959
0.962198,0.092282
0.963206,0.204008
0.964214,0.316701
0.965222,0.406851
0.96623,0.454707
0.967238,0.447487
0.968246,0.380046
0.969254,0.258782
0.970262,0.100739
0.97127,-0.0697615
0.972278,-0.229514
0.973286,-0.361893
0.974294,-0.457991
0.975302,-0.518233
0.97631,-0.551564
0.977319,-0.574219
0.978327,-0.602183
0.979335,-0.645659
0.980343,-0.707902
0.981351,-0.786067
0.982359,-0.872099
0.983367,-0.951923
0.984375,-1.0104
0.985383,-1.03811
0.986391,-1.0349
0.987399,-1.00877
0.988407,-0.972083
0.989415,-0.940505
0.990423,-0.930647
0.991431,-0.955696
0.99244,-1.02079
0.993448,-1.12042
0.994456,-1.24104
0.995464,-1.36408
0.996472,-1.46984
0.99748,-1.54124
0.998488,-1.56848
0.999496,-1.5507
1.0005,-1.49427
1.00151,-1.40929
1.00252,-1.30906
1.00353,-1.20702
1.00454,-1.11182
1.00554,-1.02244
1.00655,-0.928989
1.00756,-0.819336
1.00857,-0.68204
1.00958,-0.508975
1.01058,-0.295151
1.01159,-0.0453586
1.0126,0.223344
1.01361,0.484948
1.01462,0.713671
1.01562,0.890364
1.01663,1.00204
1.01764,1.04384
1.01865,1.0204
1.01966,0.947707
1.02067,0.846142
1.02167,0.733361
1.02268,0.620435
1.02369,0.513035
1.0247,0.413949
1.02571,0.320966
1.02671,0.22837
1.02772,0.129487
1.02873,0.0224649
1.02974,-0.0902414
1.03075,-0.204686
1.03175,-0.316649
1.03276,-0.421584
1.03377,-0.512905
1.03478,-0.584784
1.03579,-0.632699
1.03679,-0.656068
1.0378,-0.657957
1.03881,-0.645068
1.03982,-0.626288
1.04083,-0.611281
1.04183,-0.610723
1.04284,-0.633434
1.04385,-0.682957
1.04486,-0.753778
1.04587,-0.833332
1.04688,-0.906597
1.04788,-0.95898
1.04889,-0.977778
1.0499,-0.953807
1.05091,-0.885696
1.05192,-0.782308
1.05292,-0.658586
1.05393,-0.52968
1.05494,-0.406222
1.05595,-0.296254
1.05696,-0.204441
1.05796,-0.128268
1.05897,-0.0577698
1.05998,0.0206046
1.06099,0.115181
1.062,0.228884
1.063,0.358475
1.06401,0.495612
1.06502,0.627486
1.06603,0.737828
1.06704,0.813525
1.06804,0.846099
1.06905,0.836473
1.07006,0.792234
1.07107,0.725976
1.07208,0.652596
1.07308,0.585321
1.07409,0.534282
1.0751,0.503305
1.07611,0.491464
1.07712,0.493392
1.07812,0.500863
1.07913,0.506126
1.08014,0.504616
1.08115,0.495822
1.08216,0.481637
1.08317,0.463437
1.08417,0.442166
1.08518,0.415444
1.08619,0.378754
1.0872,0.325284
1.08821,0.248214
1.08921,0.141962
1.09022,0.00343955
1.09123,-0.16414
1.09224,-0.351964
1.09325,-0.546185
1.09425,-0.731841
1.09526,-0.893509
1.09627,-1.01865
1.09728,-1.10092
1.09829,-1.1418
1.09929,-1.15027
1.1003,-1.13902
1.10131,-1.12198
1.10232,-1.11003
1.10333,-1.10849
1.10433,-1.11579
1.10534,-1.12184
1.10635,-1.11228
1.10736,-1.07112
1.10837,-0.987782
1.10938,-0.856527
1.11038,-0.67947
1.11139,-0.467377
1.1124,-0.23839
1.11341,-0.014041
1.11442,0.18989
1.11542,0.36312
1.11643,0.504642
1.11744,0.618009
1.11845,0.712856
1.11946,0.799442
1.12046,0.884821
1.12147,0.969113
1.12248,1.04464
1.12349,1.10146
1.1245,1.12903
1.1255,1.12015
1.12651,1.07194
1.12752,0.99101
1.12853,0.89411
1.12954,0.803345
1.13054,0.738064
1.13155,0.709424
1.13256,0.718608
1.13357,0.756596
1.13458,0.804201
1.13558,0.836216
1.13659,0.828237
1.1376,0.764624
1.13861,0.641199
1.13962,0.465474
1.14062,0.253812
1.14163,0.028838
1.14264,-0.186642
1.14365,-0.37504
1.14466,-0.525581
1.14567,-0.635046
1.14667,-0.706315
1.14768,-0.748997
1.14869,-0.7724
1.1497,-0.782353
1.15071,-0.779635
1.15171,-0.763595
1.15272,-0.73302
1.15373,-0.685827
1.15474,-0.620415
1.15575,-0.536655
1.15675,-0.436343
1.15776,-0.321338
1.15877,-0.192504
1.15978,-0.0495054
1.16079,0.105949
1.16179,0.270296
1.1628,0.438014
1.16381,0.604235
1.16482,0.761595
1.16583,0.901218
1.16683,1.01614
1.16784,1.10333
1.16885,1.16278
1.16986,1.19343
1.17087,1.19618
1.17188,1.17331
1.17288,1.12799
1.17389,1.06166
1.1749,0.974657
1.17591,0.86886
1.17692,0.747877
1.17792,0.618234
1.17893,0.487714
1.17994,0.364392
1.18095,0.255093
1.18196,0.163899
1.18296,0.0920782
1.18397,0.0355543
1.18498,-0.0134154
1.18599,-0.0649151
1.187,-0.127583
1.188,-0.206989
1.18901,-0.304917
1.19002,-0.417385
1.19103,-0.536556
1.19204,-0.649832
1.19304,-0.744287
1.19405,-0.80904
1.19506,-0.840575
1.19607,-0.842825
1.19708,-0.823441
1.19808,-0.792649
1.19909,-0.760857
1.2001,-0.738259
1.20111,-0.729063
1.20212,-0.730696
1.20312,-0.735149
1.20413,-0.732253
1.20514,-0.713611
1.20615,-0.673948
1.20716,-0.613766
1.20817,-0.538622
1.20917,-0.460291
1.21018,-0.394657
1.21119,-0.357049
1.2122,-0.357492
1.21321,-0.398421
1.21421,-0.476822
1.21522,-0.582684
1.21623,-0.699564
1.21724,-0.804834
1.21825,-0.876364
1.21925,-0.896452
1.22026,-0.854826
1.22127,-0.749164
1.22228,-0.585139
1.22329,-0.379048
1.22429,-0.154759
1.2253,0.0601002
1.22631,0.243344
1.22732,0.380207
1.22833,0.463049
1.22933,0.491015
1.23034,0.47121
1.23135,0.417659
1.23236,0.344239
1.23337,0.259068
1.23438,0.165859
1.23538,0.0651859
1.23639,-0.0437647
1.2374,-0.165223
1.23841,-0.302777
1.23942,-0.453738
1.24042,-0.609401
1.24143,-0.755477
1.24244,-0.880128
1.24345,-0.971834
1.24446,-1.02414
1.24546,-1.03674
1.24647,-1.01879
1.24748,-0.986866
1.24849,-0.956084
1.2495,-0.9388
1.2505,-0.941568
1.25151,-0.96688
1.25252,-1.00768
1.25353,-1.04953
1.25454,-1.07712
1.25554,-1.08099
1.25655,-1.05746
1.25756,-1.00632
1.25857,-0.932764
1.25958,-0.848798
1.26058,-0.769291
1.26159,-0.703197
1.2626,-0.651198
1.26361,-0.608095
1.26462,-0.567481
1.26562,-0.519907
1.26663,-0.452385
1.26764,-0.352251
1.26865,-0.214051
1.26966,-0.0425171
1.27067,0.150656
1.27167,0.350345
1.27268,0.538715
1.27369,0.697316
1.2747,0.809052
1.27571,0.86307
1.27671,0.856249
1.27772,0.794201
1.27873,0.690209
1.27974,0.55935
1.28075,0.417312
1.28175,0.276304
1.28276,0.147943
1.28377,0.0385126
1.28478,-0.0534503
1.28579,-0.134955
1.28679,-0.213478
1.2878,-0.288536
1.28881,-0.358091
1.28982,-0.420298
1.29083,-0.475365
1.29183,-0.52087
1.29284,-0.552446
1.29385,-0.573588
1.29486,-0.594721
1.29587,-0.631047
1.29688,-0.691157
1.29788,-0.778325
1.29889,-0.891652
1.2999,-1.02426
1.30091,-1.16159
1.30192,-1.28003
1.30292,-1.35782
1.30393,-1.38072
1.30494,-1.34589
1.30595,-1.25916
1.30696,-1.13371
1.30796,-0.990498
1.30897,-0.854129
1.30998,-0.7455
1.31099,-0.675891
1.312,-0.645479
1.313,-0.646869
1.31401,-0.665801
1.31502,-0.684179
1.31603,-0.684703
1.31704,-0.65477
1.31804,-0.59065
1.31905,-0.495881
1.32006,-0.3816
1.32107,-0.262345
1.32208,-0.153098
1.32308,-0.0662744
1.32409,-0.00853163
1.3251,0.0191038
1.32611,0.021881
1.32712,0.00787314
1.32812,-0.0149493
1.32913,-0.0431393
1.33014,-0.0798881
1.33115,-0.133188
1.33216,-0.21364
1.33317,-0.331441
1.33417,-0.494515
1.33518,-0.702735
1.33619,-0.944805
1.3372,-1.19827
1.33821,-1.43647
1.33921,-1.6345
1.34022,-1.77336
1.34123,-1.84192
1.34224,-1.83957
1.34325,-1.77844
1.34425,-1.67899
1.34526,-1.56403
1.34627,-1.45139
1.34728,-1.3535
1.34829,-1.2749
1.34929,-1.21325
1.3503,-1.16037
1.35131,-1.10644
1.35232,-1.04462
1.35333,-0.97112
1.35433,-0.887317
1.35534,-0.797045
1.35635,-0.707487
1.35736,-0.625088
1.35837,-0.552681
1.35938,-0.4904
1.36038,-0.437254
1.36139,-0.394276
1.3624,-0.36034
1.36341,-0.332983
1.36442,-0.310511
1.36542,-0.293414
1.36643,-0.282131
1.36744,-0.273553
1.36845,-0.263187
1.36946,-0.246703
1.37046,-0.221089
1.37147,-0.183483
1.37248,-0.132316
1.37349,-0.0688452
1.3745,8.12421e-05
1.3755,0.0649155
1.37651,0.116259
1.37752,0.146938
1.37853,0.149743
1.37954,0.116673
1.38054,0.0437008
1.38155,-0.0686724
1.38256,-0.215535
1.38357,-0.39137
1.38458,-0.588502
1.38558,-0.79608
1.38659,-1.00052
1.3876,-1.18724
1.38861,-1.34404
1.38962,-1.46309
1.39062,-1.5412
1.39163,-1.58043
1.39264,-1.58786
1.39365,-1.57692
1.39466,-1.563
1.39567,-1.55949
1.39667,-1.57381
1.39768,-1.60616
1.39869,-1.64967
1.3997,-1.69008
1.40071,-1.71076
1.40171,-1.69633
1.40272,-1.6388
1.40373,-1.53736
1.40474,-1.39957
1.40575,-1.23882
1.40675,-1.07157
1.40776,-0.911418
1.40877,-0.763923
1.40978,-0.626213
1.41079,-0.489025
1.41179,-0.34093
1.4128,-0.171248
1.41381,0.0262787
1.41482,0.250281
1.41583,0.489114
1.41683,0.722964
1.41784,0.927936
1.41885,1.08337
1.41986,1.17358
1.42087,1.19176
1.42188,1.14065
1.42288,1.03312
1.42389,0.88888
1.4249,0.727754
1.42591,0.566807
1.42692,0.414437
1.42792,0.271643
1.42893,0.131496
1.42994,-0.017344
1.43095,-0.188124
1.43196,-0.392177
1.43296,-0.631561
1.43397,-0.896955
1.43498,-1.16751
1.43599,-1.41817
1.437,-1.62414
1.438,-1.76509
1.43901,-1.82869
1.44002,-1.81452
1.44103,-1.7367
1.44204,-1.6197
1.44304,-1.49238
1.44405,-1.38123
1.44506,-1.30695
1.44607,-1.28231
1.44708,-1.31003
1.44808,-1.38244
1.44909,-1.48218
1.4501,-1.58696
1.45111,-1.67475
1.45212,-1.72684
1.45312,-1.73116
1.45413,-1.6819
1.45514,-1.58215
1.45615,-1.44221
1.45716,-1.27975
1.45817,-1.11533
1.45917,-0.964819
1.46018,-0.83772
1.46119,-0.734726
1.4622,-0.652714
1.46321,-0.580495
1.46421,-0.502968
1.46522,-0.406554
1.46623,-0.286061
1.46724,-0.148995
1.46825,-0.00896069
1.46925,0.114267
1.47026,0.200094
1.47127,0.226779
1.47228,0.179128
1.47329,0.0563708
1.47429,-0.128777
1.4753,-0.35391
1.47631,-0.59704
1.47732,-0.837094
1.47833,-1.05682
1.47933,-1.24696
1.48034,-1.40763
1.48135,-1.54884
1.48236,-1.68066
1.48337,-1.81028
1.48438,-1.93753
1.48538,-2.05576
1.48639,-2.15422
1.4874,-2.21827
1.48841,-2.23535
1.48942,-2.19519
1.49042,-2.09678
1.49143,-1.94787
1.49244,-1.76287
1.49345,-1.55746
1.49446,-1.34527
1.49546,-1.14084
1.49647,-0.957826
1.49748,-0.807813
1.49849,-0.696633
1.4995,-0.626377
1.5005,-0.597917
1.50151,-0.610377
1.50252,-0.658815
1.50353,-0.731586
1.50454,-0.815071
1.50554,-0.898541
1.50655,-0.975262
1.50756,-1.03898
1.50857,-1.08196
1.50958,-1.09877
1.51058,-1.08599
1.51159,-1.03999
1.5126,-0.953759
1.51361,-0.821093
1.51462,-0.641722
1.51562,-0.42326
1.51663,-0.181768
1.51764,0.0610581
1.51865,0.279524
1.51966,0.450562
1.52067,0.557541
1.52167,0.594037
1.52268,0.564747
1.52369,0.483157
1.5247,0.369367
1.52571,0.244531
1.52671,0.128094
1.52772,0.0324361
1.52873,-0.038309
1.52974,-0.0856891
1.53075,-0.114935
1.53175,-0.131623
1.53276,-0.142871
1.53377,-0.153008
1.53478,-0.16195
1.53579,-0.164721
1.53679,-0.152972
1.5378,-0.121536
1.53881,-0.0678207
1.53982,0.00545544
1.54083,0.0935938
1.54183,0.187193
1.54284,0.270293
1.54385,0.326823
1.54486,0.344503
1.54587,0.322659
1.54688,0.265385
1.54788,0.179746
1.54889,0.0756894
1.5499,-0.0346541
1.55091,-0.135954
1.55192,-0.220989
1.55292,-0.288896
1.55393,-0.344357
1.55494,-0.389422
1.55595,-0.421273
1.55696,-0.439316
1.55796,-0.441702
1.55897,-0.426857
1.55998,-0.387108
1.56099,-0.3154
1.562,-0.209581
1.563,-0.0715634
1.56401,0.0919696
1.56502,0.274559
1.56603,0.465086
1.56704,0.649426
1.56804,0.81028
1.56905,0.931372
1.57006,1.00146
1.57107,1.01368
1.57208,0.967255
1.57308,0.867583
1.57409,0.725482
1.5751,0.554403
1.57611,0.36852
1.57712,0.183774
1.57812,0.0168819
1.57913,-0.118551
1.58014,-0.211653
1.58115,-0.255987
1.58216,-0.247865
1.58317,-0.190446
1.58417,-0.0937552
1.58518,0.0258117
1.58619,0.148039
1.5872,0.254982
1.58821,0.332236
1.58921,0.372537
1.59022,0.374206
1.59123,0.344006
1.59224,0.294652
1.59325,0.241354
1.59425,0.196503
1.59526,0.166301
1.59627,0.151512
1.59728,0.148914
1.59829,0.153155
1.59929,0.156223
1.6003,0.149831
1.60131,0.129056
1.60232,0.0947263
1.60333,0.0498091
1.60433,-0.00245278
1.60534,-0.0575473
1.60635,-0.106305
1.60736,-0.136977
1.60837,-0.139358
1.60938,-0.106011
1.61038,-0.0312019
1.61139,0.089779
1.6124,0.255971
1.61341,0.458834
1.61442,0.684671
1.61542,0.918321
1.61643,1.14341
1.61744,1.3404
1.61845,1.49191
1.61946,1.58784
1.62046,1.62575
1.62147,1.6064
1.62248,1.53373
1.62349,1.41883
1.6245,1.27674
1.6255,1.12061
1.62651,0.957169
1.62752,0.792856
1.62853,0.634874
1.62954,0.48834
1.63054,0.35225
1.63155,0.224714
1.63256,0.110293
1.63357,0.0157838
1.63458,-0.0563037
1.63558,-0.109621
1.63659,-0.142735
1.6376,-0.148058
1.63861,-0.11969
1.63962,-0.0597477
1.64062,0.0279742
1.64163,0.147224
1.64264,0.302025
1.64365,0.487482
1.64466,0.68756
1.64567,0.886987
1.64667,1.07473
1.64768,1.23796
1.64869,1.35875
1.6497,1.41867
1.65071,1.40918
1.65171,1.3287
1.65272,1.18002
1.65373,0.96808
1.65474,0.705106
1.65575,0.411636
1.65675,0.111887
1.65776,-0.166881
1.65877,-0.397391
1.65978,-0.553033
1.66079,-0.61639
1.66179,-0.58184
1.6628,-0.45542
1.66381,-0.253311
1.66482,-0.000281451
1.66583,0.271736
1.66683,0.530989
1.66784,0.750281
1.66885,0.910606
1.66986,1.00086
1.67087,1.02044
1.67188,0.977066
1.67288,0.883486
1.67389,0.751802
1.6749,0.593517
1.67591,0.420337
1.67692,0.240537
1.67792,0.0589044
1.67893,-0.123151
1.67994,-0.297511
1.68095,-0.451244
1.68196,-0.569707
1.68296,-0.642061
1.68397,-0.661184
1.68498,-0.621443
1.68599,-0.527092
1.687,-0.393935
1.688,-0.249182
1.68901,-0.120142
1.69002,-0.0281587
1.69103,0.0127666
1.69204,0.000145038
1.69304,-0.0561481
1.69405,-0.131991
1.69506,-0.199141
1.69607,-0.233681
1.69708,-0.220579
1.69808,-0.155107
1.69909,-0.0426092
1.7001,0.0974485
1.70111,0.237571
1.70212,0.350893
1.70312,0.420677
1.70413,0.441206
1.70514,0.415238
1.70615,0.353333
1.70716,0.27301
1.70817,0.194874
1.70917,0.135384
1.71018,0.10108
1.71119,0.0876973
1.7122,0.0841744
1.71321,0.0755993
1.71421,0.0488266
1.71522,-0.00583712
1.71623,-0.0889632
1.71724,-0.192199
1.71825,-0.298167
1.71925,-0.385301
1.72026,-0.435355
1.72127,-0.439115
1.72228,-0.400359
1.72329,-0.332434
1.72429,-0.255556
1.7253,-0.192071
1.72631,-0.163249
1.72732,-0.184139
1.72833,-0.260679
1.72933,-0.387132
1.73034,-0.549761
1.73135,-0.729577
1.73236,-0.907957
1.73337,-1.0678
1.73438,-1.19495
1.73538,-1.27994
1.73639,-1.31777
1.7374,-1.31112
1.73841,-1.26801
1.73942,-1.20191
1.74042,-1.12569
1.74143,-1.05065
1.74244,-0.986589
1.74345,-0.940835
1.74446,-0.915352
1.74546,-0.902407
1.74647,-0.889769
1.74748,-0.866148
1.74849,-0.826271
1.7495,-0.768035
1.7505,-0.690136
1.75151,-0.593666
1.75252,-0.483652
1.75353,-0.370365
1.75454,-0.262533
1.75554,-0.166606
1.75655,-0.0865082
1.75756,-0.0283348
1.75857,0.00185709
1.75958,0.00328302
1.76058,-0.0194445
1.76159,-0.0578349
1.7626,-0.10499
1.76361,-0.152703
1.76462,-0.194812
1.76562,-0.228708
1.76663,-0.259395
1.76764,-0.296627
1.76865,-0.350556
1.76966,-0.428026
1.77067,-0.529937
1.77167,-0.651725
1.77268,-0.781326
1.77369,-0.902588
1.7747,-0.998712
1.77571,-1.06157
1.77671,-1.0922
1.77772,-1.10021
1.77873,-1.09977
1.77974,-1.1077
1.78075,-1.14138
1.78175,-1.21221
1.78276,-1.32415
1.78377,-1.47031
1.78478,-1.63828
1.78579,-1.81285
1.78679,-1.97908
1.7878,-2.12371
1.78881,-2.23485
1.78982,-2.30561
1.79083,-2.33255
1.79183,-2.31665
1.79284,-2.26228
1.79385,-2.17527
1.79486,-2.06294
1.79587,-1.93194
1.79688,-1.79127
1.79788,-1.6509
1.79889,-1.5204
1.7999,-1.40732
1.80091,-1.31452
1.80192,-1.243
1.80292,-1.18946
1.80393,-1.14698
1.80494,-1.10282
1.80595,-1.04316
1.80696,-0.960285
1.80796,-0.853887
1.80897,-0.731297
1.80998,-0.603018
1.81099,-0.484391
1.812,-0.391717
1.813,-0.338059
1.81401,-0.328306
1.81502,-0.357156
1.81603,-0.413832
1.81704,-0.483855
1.81804,-0.553839
1.81905,-0.612318
1.82006,-0.653516
1.82107,-0.679559
1.82208,-0.698059
1.82308,-0.720622
1.82409,-0.757257
1.8251,-0.814633
1.82611,-0.892575
1.82712,-0.984532
1.82812,-1.0818
1.82913,-1.17394
1.83014,-1.251
1.83115,-1.30428
1.83216,-1.33125
1.83317,-1.33691
1.83417,-1.32882
1.83518,-1.31612
1.83619,-1.30697
1.8372,-1.31001
1.83821,-1.32905
1.83921,-1.35972
1.84022,-1.39122
1.84123,-1.40979
1.84224,-1.40607
1.84325,-1.37394
1.84425,-1.31296
1.84526,-1.22772
1.84627,-1.12987
1.84728,-1.03436
1.84829,-0.953345
1.84929,-0.894649
1.8503,-0.859881
1.85131,-0.84601
1.85232,-0.842863
1.85333,-0.837479
1.85433,-0.816674
1.85534,-0.771362
1.85635,-0.698458
1.85736,-0.602312
1.85837,-0.495083
1.85938,-0.391762
1.86038,-0.307882
1.86139,-0.255558
1.8624,-0.244664
1.86341,-0.279013
1.86442,-0.355802
1.86542,-0.466369
1.86643,-0.601489
1.86744,-0.755308
1.86845,-0.923392
1.86946,-1.102
1.87046,-1.28583
1.87147,-1.46994
1.87248,-1.64679
1.87349,-1.80606
1.8745,-1.93517
1.8755,-2.02374
1.87651,-2.06793
1.87752,-2.0726
1.87853,-2.05233
1.87954,-2.0281
1.88054,-2.02316
1.88155,-2.05487
1.88256,-2.13204
1.88357,-2.25122
1.88458,-2.39816
1.88558,-2.54739
1.88659,-2.6684
1.8876,-2.73561
1.88861,-2.73407
1.88962,-2.66344
1.89062,-2.53129
1.89163,-2.35522
1.89264,-2.15761
1.89365,-1.96454
1.89466,-1.79788
1.89567,-1.66962
1.89667,-1.58354
1.89768,-1.53449
1.89869,-1.51499
1.8997,-1.51208
1.90071,-1.51116
1.90171,-1.49793
1.90272,-1.46324
1.90373,-1.40751
1.90474,-1.33665
1.90575,-1.26243
1.90675,-1.19871
1.90776,-1.16321
1.90877,-1.17342
1.90978,-1.24039
1.91079,-1.36677
1.91179,-1.54598
1.9128,-1.76843
1.91381,-2.01941
1.91482,-2.28021
1.91583,-2.52893
1.91683,-2.74707
1.91784,-2.92399
1.91885,-3.05439
1.91986,-3.13654
1.92087,-3.17193
1.92188,-3.16893
1.92288,-3.14078
1.92389,-3.10048
1.9249,-3.0574
1.92591,-3.01802
1.92692,-2.98708
1.92792,-2.96611
1.92893,-2.95159
1.92994,-2.93856
1.93095,-2.92422
1.93196,-2.91027
1.93296,-2.90082
1.93397,-2.9012
1.93498,-2.91707
1.93599,-2.95185
1.937,-3.00419
1.938,-3.0654
1.93901,-3.12165
1.94002,-3.15801
1.94103,-3.16093
1.94204,-3.12056
1.94304,-3.0318
1.94405,-2.89882
1.94506,-2.73366
1.94607,-2.55219
1.94708,-2.36925
1.94808,-2.19564
1.94909,-2.04072
1.9501,-1.90994
1.95111,-1.80636
1.95212,-1.72786
1.95312,-1.67139
1.95413,-1.63503
1.95514,-1.61754
1.95615,-1.61749
1.95716,-1.63118
1.95817,-1.65716
1.95917,-1.69573
1.96018,-1.75049
1.96119,-1.82585
1.9622,-1.92678
1.96321,-2.05899
1.96421,-2.22788
1.96522,-2.4355
1.96623,-2.67446
1.96724,-2.92933
1.96825,-3.18006
1.96925,-3.40815
1.97026,-3.59666
1.97127,-3.73253
1.97228,-3.80936
1.97329,-3.83044
1.97429,-3.8089
1.9753,-3.76172
1.97631,-3.7044
1.97732,-3.64698
1.97833,-3.59557
1.97933,-3.55164
1.98034,-3.51056
1.98135,-3.46175
1.98236,-3.39428
1.98337,-3.30105
1.98438,-3.18096
1.98538,-3.03626
1.98639,-2.87226
1.9874,-2.69685
1.98841,-2.52027
1.98942,-2.35363
1.99042,-2.20592
1.99143,-2.08441
1.99244,-1.9931
1.99345,-1.93253
1.99446,-1.89926
1.99546,-1.88904
1.99647,-1.89765
1.99748,-1.91891
1.99849,-1.942
1.9995,-1.95528
