Time [ms],Trace [mG]
-0.999496,-0.122718
-0.998488,0.729456
-0.99748,-0.10536
-0.996472,0.0194031
-0.995464,-0.0554058
-0.994456,0.73041
-0.993448,-0.367729
-0.99244,-0.404972
-0.991431,0.372048
-0.990423,-0.0103688
-0.989415,0.0430736
-0.988407,-1.06029
-0.987399,0.697945
-0.986391,-0.200149
-0.985383,-0.570672
-0.984375,-0.0600824
-0.983367,-0.604977
-0.982359,0.573314
-0.981351,-1.09847
-0.980343,-0.437766
-0.979335,-0.44969
-0.978327,0.535749
-0.977319,0.150197
-0.97631,-0.546988
-0.975302,0.984351
-0.974294,-0.49724
-0.973286,0.236692
-0.972278,-1.07688
-0.97127,-0.491639
-0.970262,-0.100939
-0.969254,0.824568
-0.968246,-0.576141
-0.967238,0.44865
-0.96623,-1.09939
-0.965222,0.489889
-0.964214,-0.824756
-0.963206,-0.165479
-0.962198,-0.306413
-0.96119,-0.137633
-0.960181,-0.973825
-0.959173,-0.00352977
-0.958165,0.301075
-0.957157,-0.620608
-0.956149,0.124753
-0.955141,0.355539
-0.954133,-0.137235
-0.953125,0.407193
-0.952117,-0.0101547
-0.951109,-0.964685
-0.950101,-0.640932
-0.949093,0.422496
-0.948085,0.466178
-0.947077,-0.922742
-0.946069,-0.59838
-0.94506,0.166699
-0.944052,0.404332
-0.943044,-0.602457
-0.942036,0.82945
-0.941028,0.581133
-0.94002,0.0148495
-0.939012,0.986206
-0.938004,-1.13238
-0.936996,-0.676541
-0.935988,-0.134597
-0.93498,0.179327
-0.933972,-0.439304
-0.932964,0.261672
-0.931956,-1.21584
-0.930948,-0.0866221
-0.92994,0.305597
-0.928931,-0.0914815
-0.927923,0.484188
-0.926915,0.741573
-0.925907,-0.139824
-0.924899,-1.11194
-0.923891,0.15131
-0.922883,0.467958
-0.921875,-1.87478
-0.920867,-0.660148
-0.919859,-0.621938
-0.918851,0.500062
-0.917843,0.119258
-0.916835,0.0646379
-0.915827,0.633388
-0.914819,-0.501172
-0.91381,1.14235
-0.912802,-0.40262
-0.911794,-0.4299
-0.910786,-0.336665
-0.909778,-0.398047
-0.90877,0.406902
-0.907762,-0.324783
-0.906754,-0.498197
-0.905746,0.0998264
-0.904738,0.28102
-0.90373,-0.769697
-0.902722,-0.479283
-0.901714,0.554362
-0.900706,-0.333265
-0.899698,0.177275
-0.89869,-1.002
-0.897681,0.407042
-0.896673,0.415291
-0.895665,0.268626
-0.894657,-0.797291
-0.893649,0.0738187
-0.892641,-0.817722
-0.891633,-0.385827
-0.890625,0.0160212
-0.889617,0.0486033
-0.888609,-0.738156
-0.887601,0.586833
-0.886593,-0.533172
-0.885585,1.06506
-0.884577,0.438755
-0.883569,0.339092
-0.88256,1.18262
-0.881552,0.0267859
-0.880544,-0.773229
-0.879536,0.48569
-0.878528,-0.344131
-0.87752,0.984516
-0.876512,-0.177369
-0.875504,0.331299
-0.874496,0.967358
-0.873488,-0.626725
-0.87248,-1.04453
-0.871472,1.06078
-0.870464,-1.08231
-0.869456,0.413502
-0.868448,0.283401
-0.86744,0.280921
-0.866431,-0.205513
-0.865423,0.353365
-0.864415,-0.0863436
-0.863407,-0.42607
-0.862399,0.217889
-0.861391,0.0302507
-0.860383,-0.849948
-0.859375,-0.441991
-0.858367,-0.465966
-0.857359,-0.642567
-0.856351,0.448366
-0.855343,-1.10555
-0.854335,0.394383
-0.853327,0.254197
-0.852319,-0.0154284
-0.85131,0.160612
-0.850302,-0.0202881
-0.849294,-0.647859
-0.848286,0.0994567
-0.847278,-0.337801
-0.84627,0.542842
-0.845262,-0.200314
-0.844254,0.80852
-0.843246,-0.240968
-0.842238,-0.71603
-0.84123,0.61293
-0.840222,0.370528
-0.839214,0.481287
-0.838206,-0.754945
-0.837198,0.4991
-0.83619,0.0521398
-0.835181,0.314402
-0.834173,0.0342157
-0.833165,0.622269
-0.832157,-0.386489
-0.831149,0.227463
-0.830141,-0.242349
-0.829133,-0.597064
-0.828125,0.136953
-0.827117,1.57167
-0.826109,-1.29318
-0.825101,0.566538
-0.824093,0.615295
-0.823085,-0.707011
-0.822077,-0.722742
-0.821069,-0.089442
-0.82006,-0.534249
-0.819052,-0.129849
-0.818044,0.108412
-0.817036,-0.34313
-0.816028,-0.991726
-0.81502,1.10786
-0.814012,0.19431
-0.813004,0.354505
-0.811996,-0.669338
-0.810988,0.810371
-0.80998,0.681996
-0.808972,1.0527
-0.807964,-1.00128
-0.806956,0.830085
-0.805948,0.0748767
-0.80494,0.814178
-0.803931,0.460031
-0.802923,-0.924744
-0.801915,0.526227
-0.800907,0.201648
-0.799899,0.103146
-0.798891,-0.410795
-0.797883,-0.468409
-0.796875,-0.0479906
-0.795867,0.855329
-0.794859,1.06326
-0.793851,0.884773
-0.792843,0.769327
-0.791835,-0.85178
-0.790827,0.102926
-0.789819,-0.216184
-0.78881,0.198313
-0.787802,-0.0574097
-0.786794,0.28266
-0.785786,1.22742
-0.784778,0.187246
-0.78377,-1.18083
-0.782762,-0.0937345
-0.781754,-1.24794
-0.780746,0.214331
-0.779738,-0.28959
-0.77873,0.161955
-0.777722,1.23403
-0.776714,0.429816
-0.775706,-0.0544282
-0.774698,-0.0378139
-0.77369,-0.0770465
-0.772681,-0.377771
-0.771673,0.0129043
-0.770665,-1.37349
-0.769657,0.283415
-0.768649,0.0823243
-0.767641,0.470834
-0.766633,-0.493767
-0.765625,-0.319694
-0.764617,-0.103651
-0.763609,0.303936
-0.762601,-0.252167
-0.761593,0.105654
-0.760585,0.644446
-0.759577,-0.117181
-0.758569,-0.0653649
-0.75756,0.845484
-0.756552,0.657918
-0.755544,0.769711
-0.754536,-0.283117
-0.753528,-0.563555
-0.75252,0.244362
-0.751512,0.386403
-0.750504,-0.269524
-0.749496,0.00336711
-0.748488,0.0890521
-0.74748,0.433494
-0.746472,-0.480925
-0.745464,0.236125
-0.744456,0.219743
-0.743448,-0.472138
-0.74244,-0.710738
-0.741431,0.0186829
-0.740423,1.04044
-0.739415,0.275893
-0.738407,-0.770396
-0.737399,0.747792
-0.736391,0.0716372
-0.735383,-0.387744
-0.734375,1.00848
-0.733367,-1.18667
-0.732359,-0.118269
-0.731351,0.0937546
-0.730343,-1.19871
-0.729335,0.0372436
-0.728327,0.502085
-0.727319,0.171657
-0.72631,-0.0257187
-0.725302,-0.0535104
-0.724294,1.01029
-0.723286,-0.326202
-0.722278,0.598043
-0.72127,0.152744
-0.720262,-0.369087
-0.719254,0.0230182
-0.718246,1.34292
-0.717238,1.27617
-0.71623,-0.663175
-0.715222,0.00369724
-0.714214,-0.0292091
-0.713206,0.126993
-0.712198,0.898045
-0.71119,0.176637
-0.710181,-0.348721
-0.709173,1.42161
-0.708165,-0.00385448
-0.707157,0.720157
-0.706149,0.195574
-0.705141,-0.71476
-0.704133,-0.613159
-0.703125,-0.245018
-0.702117,-1.08877
-0.701109,-0.733869
-0.700101,0.0753316
-0.699093,-0.55365
-0.698085,0.500936
-0.697077,0.197039
-0.696069,1.38694
-0.69506,0.165544
-0.694052,-0.37266
-0.693044,0.372227
-0.692036,-0.190059
-0.691028,-0.175882
-0.69002,0.0629191
-0.689012,-0.415407
-0.688004,0.275114
-0.686996,0.0483501
-0.685988,-0.128311
-0.68498,-0.077969
-0.683972,1.15947
-0.682964,0.00661074
-0.681956,0.118578
-0.680948,-0.40165
-0.67994,0.625109
-0.678931,0.760108
-0.677923,-0.282748
-0.676915,0.486935
-0.675907,0.656134
-0.674899,0.9038
-0.673891,-0.79813
-0.672883,0.821897
-0.671875,0.401385
-0.670867,-0.675991
-0.669859,-0.381453
-0.668851,0.182277
-0.667843,0.895409
-0.666835,-0.218929
-0.665827,-0.732671
-0.664819,-0.687705
-0.66381,0.36002
-0.662802,-0.0429447
-0.661794,-0.43285
-0.660786,-0.0627583
-0.659778,0.485905
-0.65877,0.249458
-0.657762,-0.137158
-0.656754,0.12069
-0.655746,-0.526027
-0.654738,0.325841
-0.65373,-0.145199
-0.652722,0.01629
-0.651714,0.796304
-0.650706,-0.471444
-0.649698,0.00576937
-0.64869,-0.291359
-0.647681,0.0775607
-0.646673,-0.413191
-0.645665,0.801808
-0.644657,0.862703
-0.643649,-0.366217
-0.642641,0.426312
-0.641633,0.615168
-0.640625,1.00118
-0.639617,0.655057
-0.638609,0.600824
-0.637601,-0.790009
-0.636593,-0.114937
-0.635585,0.0238659
-0.634577,0.0946044
-0.633569,0.34227
-0.63256,-1.47105
-0.631552,0.237327
-0.630544,0.409094
-0.629536,0.881292
-0.628528,-0.557804
-0.62752,-0.202425
-0.626512,0.445758
-0.625504,-0.340399
-0.624496,0.00161673
-0.623488,-0.150779
-0.62248,-0.0816897
-0.621472,-0.682035
-0.620464,-1.48912
-0.619456,0.0944127
-0.618448,-0.199623
-0.61744,0.14492
-0.616431,0.245768
-0.615423,-1.24969
-0.614415,-0.391248
-0.613407,-0.127289
-0.612399,1.19019
-0.611391,-0.166651
-0.610383,-0.243996
-0.609375,-0.163508
-0.608367,0.211833
-0.607359,0.0657662
-0.606351,0.339425
-0.605343,-0.736404
-0.604335,-0.484214
-0.603327,-0.71255
-0.602319,0.89366
-0.60131,-1.02653
-0.600302,0.146293
-0.599294,-0.528682
-0.598286,0.554225
-0.597278,-0.153683
-0.59627,0.511666
-0.595262,-0.149696
-0.594254,-0.143989
-0.593246,-0.0652971
-0.592238,-0.483928
-0.59123,0.169874
-0.590222,0.520674
-0.589214,0.764316
-0.588206,-0.511834
-0.587198,0.0460428
-0.58619,-0.759733
-0.585181,0.259426
-0.584173,-0.104438
-0.583165,-0.562658
-0.582157,-0.594226
-0.581149,0.522817
-0.580141,1.69208
-0.579133,-0.869536
-0.578125,-0.0083012
-0.577117,0.129942
-0.576109,0.692762
-0.575101,0.201901
-0.574093,-0.242667
-0.573085,-0.391958
-0.572077,0.0996113
-0.571069,0.270973
-0.57006,-0.242542
-0.569052,-0.988943
-0.568044,0.127419
-0.567036,-0.523369
-0.566028,0.90928
-0.56502,0.111737
-0.564012,-0.764455
-0.563004,-0.418693
-0.561996,0.0511623
-0.560988,-0.493804
-0.55998,0.0887883
-0.558972,0.493325
-0.557964,-0.167451
-0.556956,-0.364766
-0.555948,0.732227
-0.55494,-0.271041
-0.553931,0.69435
-0.552923,-0.265992
-0.551915,0.16045
-0.550907,0.523025
-0.549899,0.333149
-0.548891,-0.430386
-0.547883,0.70574
-0.546875,-0.392851
-0.545867,0.206737
-0.544859,0.124963
-0.543851,-0.424605
-0.542843,0.110093
-0.541835,-0.289832
-0.540827,0.406886
-0.539819,0.497436
-0.53881,0.253262
-0.537802,0.62947
-0.536794,-0.909664
-0.535786,1.11697
-0.534778,-1.44291
-0.53377,-0.390174
-0.532762,0.763781
-0.531754,0.0986554
-0.530746,0.886016
-0.529738,0.336449
-0.52873,0.489154
-0.527722,0.37158
-0.526714,0.514341
-0.525706,-0.700353
-0.524698,-0.33849
-0.52369,-0.466945
-0.522681,-0.820362
-0.521673,-0.85138
-0.520665,0.0198742
-0.519657,-1.71771
-0.518649,1.01517
-0.517641,-0.495362
-0.516633,1.70106
-0.515625,1.9307
-0.514617,3.40781
-0.513609,4.02861
-0.512601,5.73857
-0.511593,5.48222
-0.510585,5.38136
-0.509577,8.94389
-0.508569,7.54709
-0.50756,8.53213
-0.506552,11.7073
-0.505544,12.3192
-0.504536,12.8865
-0.503528,13.3727
-0.50252,14.2476
-0.501512,15.8278
-0.500504,18.1875
-0.499496,17.6551
-0.498488,19.7308
-0.49748,21.7965
-0.496472,23.1016
-0.495464,23.9575
-0.494456,25.8583
-0.493448,26.4023
-0.49244,26.5931
-0.491431,27.7863
-0.490423,28.8722
-0.489415,30.1972
-0.488407,31.8347
-0.487399,33.0253
-0.486391,34.0311
-0.485383,35.2165
-0.484375,36.7711
-0.483367,37.7703
-0.482359,37.7045
-0.481351,40.5324
-0.480343,39.9362
-0.479335,41.514
-0.478327,42.7551
-0.477319,45.0915
-0.47631,45.5931
-0.475302,46.8894
-0.474294,48.0372
-0.473286,48.5143
-0.472278,48.2943
-0.47127,50.8323
-0.470262,51.8267
-0.469254,52.7228
-0.468246,54.2271
-0.467238,55.351
-0.46623,54.9299
-0.465222,57.5689
-0.464214,58.5512
-0.463206,58.725
-0.462198,60.8496
-0.46119,61.4008
-0.460181,61.2829
-0.459173,61.9495
-0.458165,63.0137
-0.457157,64.3954
-0.456149,66.483
-0.455141,65.6261
-0.454133,67.0187
-0.453125,68.3581
-0.452117,69.0714
-0.451109,70.0867
-0.450101,70.243
-0.449093,72.9873
-0.448085,72.0406
-0.447077,74.1642
-0.446069,74.6717
-0.44506,75.5906
-0.444052,75.0575
-0.443044,76.3806
-0.442036,78.824
-0.441028,78.9186
-0.44002,79.4196
-0.439012,79.1839
-0.438004,78.9638
-0.436996,81.9523
-0.435988,82.6541
-0.43498,84.0879
-0.433972,83.9151
-0.432964,85.9915
-0.431956,85.7548
-0.430948,86.7159
-0.42994,88.6726
-0.428931,88.7238
-0.427923,88.2828
-0.426915,89.3817
-0.425907,91.2347
-0.424899,91.1626
-0.423891,92.0459
-0.422883,92.7079
-0.421875,92.5267
-0.420867,94.924
-0.419859,94.7577
-0.418851,95.2536
-0.417843,95.6173
-0.416835,97.394
-0.415827,96.6357
-0.414819,97.4235
-0.41381,99.3028
-0.412802,100.171
-0.411794,100.518
-0.410786,100.151
-0.409778,102.183
-0.40877,102.03
-0.407762,102.312
-0.406754,103.756
-0.405746,103.942
-0.404738,105.405
-0.40373,105.056
-0.402722,107.116
-0.401714,105.466
-0.400706,106.222
-0.399698,107.777
-0.39869,108.909
-0.397681,109.025
-0.396673,109.197
-0.395665,110.167
-0.394657,110.262
-0.393649,110.497
-0.392641,111.826
-0.391633,111.441
-0.390625,111.902
-0.389617,112.062
-0.388609,113.469
-0.387601,113.262
-0.386593,114.072
-0.385585,114.952
-0.384577,115.306
-0.383569,115.405
-0.38256,114.482
-0.381552,116.083
-0.380544,115.699
-0.379536,115.977
-0.378528,117.085
-0.37752,116.218
-0.376512,117.778
-0.375504,118.311
-0.374496,118.525
-0.373488,118.252
-0.37248,119.442
-0.371472,119.378
-0.370464,120.444
-0.369456,119.919
-0.368448,120.221
-0.36744,119.736
-0.366431,121.596
-0.365423,121.908
-0.364415,122.562
-0.363407,122.505
-0.362399,123.234
-0.361391,122.619
-0.360383,123.206
-0.359375,123.63
-0.358367,124.266
-0.357359,124.63
-0.356351,124.176
-0.355343,124.982
-0.354335,125.492
-0.353327,125.713
-0.352319,126.008
-0.35131,126.574
-0.350302,126.66
-0.349294,126.103
-0.348286,126.642
-0.347278,126.798
-0.34627,127.744
-0.345262,126.609
-0.344254,127.333
-0.343246,127.628
-0.342238,128.348
-0.34123,128.117
-0.340222,128.365
-0.339214,126.926
-0.338206,127.592
-0.337198,128.937
-0.33619,128.993
-0.335181,128.455
-0.334173,128.013
-0.333165,128.685
-0.332157,128.611
-0.331149,129.37
-0.330141,129.167
-0.329133,129.718
-0.328125,128.946
-0.327117,129.304
-0.326109,128.675
-0.325101,128.307
-0.324093,128.798
-0.323085,129.631
-0.322077,128.218
-0.321069,129.734
-0.32006,128.764
-0.319052,129.426
-0.318044,129.848
-0.317036,128.236
-0.316028,129.375
-0.31502,128.115
-0.314012,128.438
-0.313004,128.458
-0.311996,128.639
-0.310988,128.604
-0.30998,128.176
-0.308972,126.947
-0.307964,128.177
-0.306956,129.857
-0.305948,127.687
-0.30494,128.493
-0.303931,128.506
-0.302923,128.268
-0.301915,128.079
-0.300907,127.301
-0.299899,127.404
-0.298891,127.791
-0.297883,127.534
-0.296875,127.346
-0.295867,127.791
-0.294859,127.377
-0.293851,126.819
-0.292843,126.717
-0.291835,127.991
-0.290827,127.478
-0.289819,127.553
-0.28881,126.726
-0.287802,125.697
-0.286794,125.427
-0.285786,125.902
-0.284778,124.819
-0.28377,126.356
-0.282762,126.026
-0.281754,124.725
-0.280746,124.938
-0.279738,124.419
-0.27873,124.836
-0.277722,124.258
-0.276714,123.502
-0.275706,124.801
-0.274698,123.068
-0.27369,122.241
-0.272681,121.873
-0.271673,122.556
-0.270665,122.253
-0.269657,123.759
-0.268649,123.375
-0.267641,122.145
-0.266633,121.765
-0.265625,120.588
-0.264617,120.542
-0.263609,120.72
-0.262601,119.863
-0.261593,120.392
-0.260585,119.914
-0.259577,118.306
-0.258569,118.899
-0.25756,118.26
-0.256552,118.89
-0.255544,117.117
-0.254536,117.403
-0.253528,115.823
-0.25252,116.804
-0.251512,115.776
-0.250504,116.012
-0.249496,116.694
-0.248488,114.266
-0.24748,114.695
-0.246472,115.732
-0.245464,113.57
-0.244456,113.246
-0.243448,113.654
-0.24244,114.623
-0.241431,112.656
-0.240423,112.111
-0.239415,112.9
-0.238407,111.027
-0.237399,110.411
-0.236391,110.146
-0.235383,109.235
-0.234375,110.187
-0.233367,108.962
-0.232359,109.629
-0.231351,108.93
-0.230343,108.496
-0.229335,107.875
-0.228327,107.291
-0.227319,107.51
-0.22631,104.621
-0.225302,105.929
-0.224294,104.957
-0.223286,105.164
-0.222278,104.533
-0.22127,103.643
-0.220262,103.419
-0.219254,103.217
-0.218246,102.304
-0.217238,102.395
-0.21623,102.483
-0.215222,101.291
-0.214214,100.794
-0.213206,100.153
-0.212198,99.0651
-0.21119,99.7358
-0.210181,98.9194
-0.209173,98.7523
-0.208165,97.5647
-0.207157,97.5048
-0.206149,96.3316
-0.205141,96.0847
-0.204133,95.8516
-0.203125,95.2629
-0.202117,94.5163
-0.201109,94.9349
-0.200101,94.4381
-0.199093,93.3144
-0.198085,91.5156
-0.197077,91.2475
-0.196069,91.0585
-0.19506,90.7815
-0.194052,89.9085
-0.193044,90.0551
-0.192036,88.824
-0.191028,88.9512
-0.19002,88.1193
-0.189012,87.4412
-0.188004,87.6198
-0.186996,86.433
-0.185988,87.1694
-0.18498,85.0185
-0.183972,84.3768
-0.182964,84.0945
-0.181956,83.4031
-0.180948,82.5695
-0.17994,82.9988
-0.178931,81.798
-0.177923,82.5994
-0.176915,79.9987
-0.175907,81.0476
-0.174899,79.9188
-0.173891,78.2808
-0.172883,77.9225
-0.171875,78.0077
-0.170867,78.4682
-0.169859,76.6608
-0.168851,76.696
-0.167843,75.6037
-0.166835,75.2751
-0.165827,74.1117
-0.164819,75.5296
-0.16381,72.8741
-0.162802,72.053
-0.161794,70.9955
-0.160786,71.8855
-0.159778,72.1837
-0.15877,70.6899
-0.157762,70.3715
-0.156754,68.2404
-0.155746,69.4148
-0.154738,67.543
-0.15373,66.2759
-0.152722,66.3024
-0.151714,66.7957
-0.150706,65.492
-0.149698,65.8787
-0.14869,65.9177
-0.147681,63.9873
-0.146673,64.8883
-0.145665,63.6901
-0.144657,62.2171
-0.143649,62.5678
-0.142641,62.2597
-0.141633,60.7845
-0.140625,60.5017
-0.139617,59.2077
-0.138609,58.4396
-0.137601,58.2001
-0.136593,58.1953
-0.135585,56.17
-0.134577,56.0966
-0.133569,55.4634
-0.13256,55.9834
-0.131552,53.7552
-0.130544,53.5589
-0.129536,52.9884
-0.128528,53.1824
-0.12752,52.0111
-0.126512,50.3188
-0.125504,50.649
-0.124496,50.9113
-0.123488,49.4558
-0.12248,49.3854
-0.121472,48.3657
-0.120464,47.7523
-0.119456,46.8717
-0.118448,46.9516
-0.11744,45.6718
-0.116431,45.2524
-0.115423,44.9913
-0.114415,44.7659
-0.113407,43.4139
-0.112399,41.9393
-0.111391,41.9897
-0.110383,41.585
-0.109375,42.2612
-0.108367,39.9507
-0.107359,40.3763
-0.106351,39.6172
-0.105343,39.4006
-0.104335,38.4814
-0.103327,36.9901
-0.102319,36.6697
-0.10131,36.4145
-0.100302,35.727
-0.0992944,34.9927
-0.0982863,34.5937
-0.0972782,34.0406
-0.0962702,33.6043
-0.0952621,33.165
-0.094254,32.9083
-0.093246,32.763
-0.0922379,31.5608
-0.0912298,30.0715
-0.0902218,29.5171
-0.0892137,29.2197
-0.0882056,29.1349
-0.0871976,28.3961
-0.0861895,27.8926
-0.0851815,27.079
-0.0841734,26.7253
-0.0831653,26.1308
-0.0821573,24.8714
-0.0811492,24.3864
-0.0801411,23.2045
-0.0791331,24.5477
-0.078125,21.5639
-0.0771169,22.6056
-0.0761089,21.3577
-0.0751008,22.5454
-0.0740927,20.4445
-0.0730847,19.8833
-0.0720766,19.5756
-0.0710685,19.262
-0.0700605,19.0684
-0.0690524,17.2855
-0.0680444,16.2453
-0.0670363,16.299
-0.0660282,16.1337
-0.0650202,15.8188
-0.0640121,15.0129
-0.063004,15.2916
-0.061996,13.9703
-0.0609879,12.5695
-0.0599798,12.836
-0.0589718,11.7353
-0.0579637,11.6228
-0.0569556,11.1561
-0.0559476,10.8028
-0.0549395,9.94668
-0.0539315,10.2111
-0.0529234,9.34919
-0.0519153,8.6347
-0.0509073,7.42793
-0.0498992,7.57816
-0.0488911,5.47005
-0.0478831,6.08655
-0.046875,6.08133
-0.0458669,5.99106
-0.0448589,5.13848
-0.0438508,3.58555
-0.0428427,3.84265
-0.0418347,2.55347
-0.0408266,1.53144
-0.0398185,2.16017
-0.0388105,2.35626
-0.0378024,1.69688
-0.0367944,0.504407
-0.0357863,0.760223
-0.0347782,0.143069
-0.0337702,-1.94844
-0.0327621,-0.93227
-0.031754,-1.98608
-0.030746,-3.15278
-0.0297379,-1.9244
-0.0287298,-2.34748
-0.0277218,-3.18635
-0.0267137,-3.27919
-0.0257056,-4.39967
-0.0246976,-4.07963
-0.0236895,-3.48976
-0.0226815,-3.62431
-0.0216734,-3.21823
-0.0206653,-3.22681
-0.0196573,-2.41918
-0.0186492,-2.36676
-0.0176411,-3.83312
-0.0166331,-1.66191
-0.015625,-2.53742
-0.0146169,-2.14789
-0.0136089,-1.25715
-0.0126008,-0.498391
-0.0115927,-1.3984
-0.0105847,0.328368
-0.00957661,-0.189612
-0.00856855,-0.48393
-0.00756048,1.39428
-0.00655242,0.973569
-0.00554435,0.326042
-0.00453629,1.47014
-0.00352823,1.00755
-0.00252016,2.24929
-0.0015121,0.485296
-0.000504032,1.61251
0.000504032,-21973.7
0.0015121,-23095.5
0.00252016,-12019.1
0.00352823,-54.7212
0.00453629,-57.5681
0.00554435,-57.7527
0.00655242,-48.4908
0.00756048,-41.2464
0.00856855,-35.5593
0.00957661,-34.4114
0.0105847,-51.9131
0.0115927,-45.401
0.0126008,-28.7047
0.0136089,-26.7763
0.0146169,-26.0486
0.015625,-25.1512
0.0166331,-25.05
0.0176411,-26.744
0.0186492,-27.9668
0.0196573,-21.8742
0.0206653,-18.6743
0.0216734,-16.9489
0.0226815,-18.4987
0.0236895,-18.9495
0.0246976,-21.5847
0.0257056,-20.2743
0.0267137,-17.7018
0.0277218,-16.1067
0.0287298,-15.0321
0.0297379,-14.8392
0.030746,-15.0956
0.031754,-14.2719
0.0327621,-14.1968
0.0337702,-15.066
0.0347782,-14.9187
0.0357863,-15.9438
0.0367944,-16.3
0.0378024,-16.0092
0.0388105,-15.334
0.0398185,-14.8928
0.0408266,-16.1094
0.0418347,-14.1746
0.0428427,-14.9894
0.0438508,-14.7995
0.0448589,-14.2297
0.0458669,-13.9309
0.046875,-15.033
0.0478831,-13.8075
0.0488911,-13.3995
0.0498992,-12.7187
0.0509073,-13.5617
0.0519153,-13.3235
0.0529234,-13.6471
0.0539315,-12.5662
0.0549395,-13.7442
0.0559476,-12.7103
0.0569556,-12.2721
0.0579637,-12.3734
0.0589718,-12.4874
0.0599798,-12.7303
0.0609879,-12.4151
0.061996,-10.5552
0.063004,-11.4828
0.0640121,-12.1412
0.0650202,-10.5581
0.0660282,-9.9544
0.0670363,-10.8893
0.0680444,-9.84027
0.0690524,-9.25529
0.0700605,-9.86228
0.0710685,-9.74013
0.0720766,-9.2306
0.0730847,-7.69473
0.0740927,-8.87888
0.0751008,-7.65626
0.0761089,-7.40367
0.0771169,-7.9419
0.078125,-6.74467
0.0791331,-7.36187
0.0801411,-7.18229
0.0811492,-7.12171
0.0821573,-7.79925
0.0831653,-4.82706
0.0841734,-6.2005
0.0851815,-5.73508
0.0861895,-4.64016
0.0871976,-3.95164
0.0882056,-4.82183
0.0892137,-2.76969
0.0902218,-4.07433
0.0912298,-5.08452
0.0922379,-4.40514
0.093246,-3.54047
0.094254,-4.39702
0.0952621,-4.42193
0.0962702,-2.7223
0.0972782,-4.77521
0.0982863,-3.93563
0.0992944,-3.83171
0.100302,-2.96715
0.10131,-3.48749
0.102319,-3.61172
0.103327,-4.51783
0.104335,-3.62577
0.105343,-3.82855
0.106351,-4.68987
0.107359,-4.84882
0.108367,-4.90784
0.109375,-3.34412
0.110383,-3.65662
0.111391,-3.3905
0.112399,-4.01984
0.113407,-4.42391
0.114415,-5.46129
0.115423,-4.18076
0.116431,-5.94094
0.11744,-5.51452
0.118448,-5.25068
0.119456,-4.84516
0.120464,-5.60109
0.121472,-5.14796
0.12248,-5.20245
0.123488,-4.63631
0.124496,-4.43993
0.125504,-5.76504
0.126512,-5.47441
0.12752,-5.71438
0.128528,-5.7694
0.129536,-4.36828
0.130544,-4.53468
0.131552,-4.58706
0.13256,-2.9359
0.133569,-3.20864
0.134577,-3.0753
0.135585,-1.58154
0.136593,-2.2316
0.137601,-1.59786
0.138609,-2.65751
0.139617,-1.16963
0.140625,-0.771581
0.141633,-0.293693
0.142641,0.608113
0.143649,-0.184282
0.144657,-0.149936
0.145665,0.55592
0.146673,1.61954
0.147681,-0.443299
0.14869,1.01378
0.149698,2.39526
0.150706,1.33952
0.151714,0.880692
0.152722,1.16596
0.15373,2.08733
0.154738,1.6682
0.155746,2.44963
0.156754,1.92532
0.157762,3.60774
0.15877,2.76126
0.159778,0.78488
0.160786,2.45994
0.161794,2.68462
0.162802,1.81873
0.16381,1.92025
0.164819,3.34892
0.165827,2.86147
0.166835,2.66342
0.167843,2.76713
0.168851,1.72457
0.169859,1.95276
0.170867,2.05845
0.171875,3.00295
0.172883,3.51792
0.173891,2.16705
0.174899,1.28817
0.175907,2.94271
0.176915,0.689376
0.177923,2.05867
0.178931,1.47057
0.17994,1.39889
0.180948,1.41284
0.181956,1.07339
0.182964,0.604492
0.183972,0.565437
0.18498,1.72866
0.185988,1.62114
0.186996,2.05147
0.188004,0.52884
0.189012,2.18492
0.19002,3.25671
0.191028,3.16065
0.192036,1.96762
0.193044,1.60837
0.194052,2.34485
0.19506,2.34569
0.196069,2.6672
0.197077,2.28972
0.198085,3.1839
0.199093,4.91599
0.200101,2.74724
0.201109,2.99272
0.202117,2.35136
0.203125,2.49817
0.204133,1.9514
0.205141,4.03543
0.206149,4.24013
0.207157,4.85822
0.208165,2.65434
0.209173,4.3883
0.210181,3.82228
0.21119,3.04538
0.212198,3.76448
0.213206,3.31541
0.214214,4.3329
0.215222,5.3257
0.21623,5.25748
0.217238,4.1614
0.218246,4.89223
0.219254,6.34537
0.220262,4.00983
0.22127,5.39991
0.222278,5.70527
0.223286,5.25384
0.224294,4.87039
0.225302,5.37462
0.22631,4.43346
0.227319,4.9404
0.228327,5.28508
0.229335,3.37764
0.230343,3.95228
0.231351,6.34503
0.232359,4.82122
0.233367,4.31997
0.234375,1.98325
0.235383,4.83727
0.236391,3.60699
0.237399,1.16338
0.238407,3.14815
0.239415,5.84694
0.240423,3.66158
0.241431,1.93948
0.24244,2.28508
0.243448,4.95867
0.244456,2.76232
0.245464,0.166106
0.246472,0.65499
0.24748,6.61384
0.248488,5.09602
0.249496,-0.837791
0.250504,-1.12883
0.251512,2.08985
0.25252,0.844587
0.253528,1.84569
0.254536,1.69971
0.255544,2.74777
0.256552,2.29268
0.25756,1.5409
0.258569,1.15364
0.259577,2.33949
0.260585,1.41094
0.261593,1.80377
0.262601,1.70532
0.263609,0.653458
0.264617,0.881157
0.265625,2.67508
0.266633,2.76197
0.267641,2.41638
0.268649,3.01936
0.269657,2.64951
0.270665,1.63352
0.271673,0.575833
0.272681,0.854662
0.27369,3.69403
0.274698,2.85029
0.275706,3.86713
0.276714,4.48238
0.277722,3.3972
0.27873,2.41491
0.279738,3.20936
0.280746,3.2508
0.281754,3.08483
0.282762,3.05916
0.28377,2.65573
0.284778,5.62962
0.285786,4.80532
0.286794,2.83915
0.287802,1.96982
0.28881,4.84782
0.289819,3.548
0.290827,2.05417
0.291835,2.32112
0.292843,4.3706
0.293851,6.33018
0.294859,2.74477
0.295867,2.6877
0.296875,4.34899
0.297883,7.34612
0.298891,3.07884
0.299899,1.44275
0.300907,2.85346
0.301915,4.14875
0.302923,0.0705908
0.303931,-0.553013
0.30494,1.53736
0.305948,8.06021
0.306956,5.97683
0.307964,0.0909418
0.308972,2.35995
0.30998,4.1924
0.310988,1.99878
0.311996,-3.00524
0.313004,1.25378
0.314012,5.29672
0.31502,2.84819
0.316028,-0.519144
0.317036,0.474695
0.318044,2.40894
0.319052,1.61914
0.32006,-1.03264
0.321069,4.30981
0.322077,3.79982
0.323085,2.13839
0.324093,-1.83723
0.325101,-1.94402
0.326109,-1.65559
0.327117,0.887343
0.328125,0.652384
0.329133,2.08913
0.330141,1.90348
0.331149,5.20129
0.332157,-0.242796
0.333165,0.806242
0.334173,-0.467436
0.335181,1.36016
0.33619,0.362353
0.337198,3.1664
0.338206,0.913065
0.339214,2.18843
0.340222,-1.17304
0.34123,2.82985
0.342238,1.60444
0.343246,2.12767
0.344254,-0.439318
0.345262,4.10034
0.34627,1.11338
0.347278,-0.131262
0.348286,-0.67514
0.349294,4.6144
0.350302,6.71381
0.35131,-2.85594
0.352319,-0.94636
0.353327,6.63443
0.354335,1.23111
0.355343,-1.65127
0.356351,-1.48361
0.357359,4.31541
0.358367,1.06432
0.359375,2.43622
0.360383,1.87004
0.361391,0.833667
0.362399,-1.41447
0.363407,0.137725
0.364415,0.392164
0.365423,-0.537129
0.366431,1.85944
0.36744,1.47835
0.368448,-0.701418
0.369456,-0.715242
0.370464,-0.428254
0.371472,0.947784
0.37248,2.21911
0.373488,2.65585
0.374496,1.61851
0.375504,-3.01579
0.376512,-0.285457
0.37752,-4.51737
0.378528,-2.99246
0.379536,1.79761
0.380544,-1.17828
0.381552,0.424227
0.38256,1.59104
0.383569,-1.98931
0.384577,1.9278
0.385585,-4.9988
0.386593,0.0386188
0.387601,-0.804924
0.388609,-4.89387
0.389617,-4.66455
0.390625,3.68579
0.391633,0.916919
0.392641,-0.17051
0.393649,-0.721015
0.394657,3.61549
0.395665,0.282347
0.396673,-7.38769
0.397681,-4.06281
0.39869,2.83102
0.399698,-3.17463
0.400706,-0.659288
0.401714,2.66504
0.402722,0.138608
0.40373,0.198278
0.404738,2.36424
0.405746,-6.10632
0.406754,-3.97037
0.407762,0.549959
0.40877,-1.79689
0.409778,3.65178
0.410786,4.88837
0.411794,1.6357
0.412802,-1.8002
0.41381,-6.30134
0.414819,-4.12932
0.415827,3.1951
0.416835,3.16459
0.417843,0.981519
0.418851,2.26503
0.419859,4.74551
0.420867,0.959062
0.421875,-3.45066
0.422883,-2.5386
0.423891,0.619184
0.424899,2.86367
0.425907,1.22997
0.426915,1.05233
0.427923,-0.077148
0.428931,8.31058
0.42994,0.37035
0.430948,-10.0805
0.431956,-1.43385
0.432964,2.16722
0.433972,1.53593
0.43498,0.518496
0.435988,0.65903
0.436996,5.18305
0.438004,2.1296
0.439012,-10.3013
0.44002,-3.6134
0.441028,2.65235
0.442036,1.95268
0.443044,5.83773
0.444052,2.54544
0.44506,-2.08457
0.446069,-0.434574
0.447077,-6.69662
0.448085,-5.4574
0.449093,-0.132368
0.450101,1.10405
0.451109,4.56168
0.452117,-2.89336
0.453125,0.375928
0.454133,-2.31784
0.455141,-0.537299
0.456149,-7.13693
0.457157,-3.88517
0.458165,-3.68612
0.459173,1.63216
0.460181,2.91736
0.46119,5.15042
0.462198,2.20117
0.463206,-10.235
0.464214,-4.6711
0.465222,-0.323723
0.46623,1.03717
0.467238,-0.0136759
0.468246,-5.25556
0.469254,5.38128
0.470262,10.3286
0.47127,-2.16526
0.472278,-14.0185
0.473286,-2.01587
0.474294,5.02324
0.475302,-1.27515
0.47631,-7.49557
0.477319,4.65417
0.478327,15.0245
0.479335,3.21074
0.480343,-14.5136
0.481351,-0.80196
0.482359,2.47927
0.483367,3.42585
0.484375,-9.20525
0.485383,1.68174
0.486391,8.00292
0.487399,-0.17863
0.488407,-6.11061
0.489415,-5.42938
0.490423,3.36707
0.491431,13.8339
0.49244,-3.40722
0.493448,-8.0593
0.494456,3.78752
0.495464,3.71602
0.496472,-8.84642
0.49748,-6.5639
0.498488,-0.541313
0.499496,5.85161
0.500504,3.33553
0.501512,-3.16192
0.50252,-0.134965
0.503528,6.34326
0.504536,-1.48617
0.505544,-8.87313
0.506552,-5.5529
0.50756,0.390146
0.508569,-1.69033
0.509577,2.68418
0.510585,4.47102
0.511593,1.1585
0.512601,-3.10341
0.513609,-0.169666
0.514617,-5.515
0.515625,1.50867
0.516633,0.2488
0.517641,0.755952
0.518649,-7.58465
0.519657,3.20974
0.520665,3.90281
0.521673,5.08226
0.522681,-7.68717
0.52369,-8.09101
0.524698,-1.14581
0.525706,6.34229
0.526714,-3.46401
0.527722,-4.4376
0.52873,-1.62672
0.529738,1.9082
0.530746,2.95587
0.531754,-2.24035
0.532762,-5.85638
0.53377,3.23487
0.534778,-0.218674
0.535786,-4.43909
0.536794,-5.79703
0.537802,1.56818
0.53881,11.8029
0.539819,3.75109
0.540827,-10.4544
0.541835,-7.73714
0.542843,11.1804
0.543851,7.39786
0.544859,-3.97744
0.545867,-5.24232
0.546875,0.842115
0.547883,7.76102
0.548891,-9.42114
0.549899,-9.16667
0.550907,15.6372
0.551915,8.9653
0.552923,-11.6708
0.553931,-2.07125
0.55494,2.75668
0.555948,4.09845
0.556956,1.61661
0.557964,-3.86872
0.558972,1.28417
0.55998,4.34025
0.560988,-2.50337
0.561996,0.91515
0.563004,-1.64964
0.564012,6.98068
0.56502,13.9566
0.566028,-1.06275
0.567036,-13.456
0.568044,-1.17112
0.569052,5.76794
0.57006,5.12216
0.571069,-4.056
0.572077,-3.44582
0.573085,9.0152
0.574093,15.201
0.575101,-14.3537
0.576109,-7.36489
0.577117,7.06801
0.578125,4.08119
0.579133,-3.89747
0.580141,-1.34342
0.581149,3.34732
0.582157,12.4377
0.583165,6.51514
0.584173,-19.1456
0.585181,-5.48802
0.58619,10.5317
0.587198,3.74906
0.588206,1.08275
0.589214,-1.80845
0.590222,-1.44147
0.59123,6.36336
0.592238,-2.05189
0.593246,-9.11676
0.594254,-1.94769
0.595262,13.7388
0.59627,3.95549
0.597278,-4.19207
0.598286,-1.48826
0.599294,3.81357
0.600302,3.7283
0.60131,-2.41565
0.602319,-10.9953
0.603327,-2.95508
0.604335,15.978
0.605343,8.62353
0.606351,-2.06345
0.607359,-0.617473
0.608367,-5.35087
0.609375,-2.3166
0.610383,-5.86499
0.611391,-4.69243
0.612399,8.39088
0.613407,16.1219
0.614415,9.41262
0.615423,-5.11922
0.616431,-3.31278
0.61744,-8.97063
0.618448,5.88589
0.619456,0.140009
0.620464,1.10422
0.621472,7.84891
0.62248,5.35041
0.623488,-1.97176
0.624496,3.18045
0.625504,-4.33484
0.626512,4.44256
0.62752,-1.28288
0.628528,-4.94799
0.629536,-0.590022
0.630544,14.3038
0.631552,-1.56583
0.63256,4.28363
0.633569,-5.83292
0.634577,-4.94424
0.635585,1.71745
0.636593,4.47697
0.637601,3.83906
0.638609,-0.985034
0.639617,2.34991
0.640625,4.69327
0.641633,-3.36988
0.642641,-8.43689
0.643649,-5.44719
0.644657,8.0822
0.645665,2.09807
0.646673,-1.54511
0.647681,2.44533
0.64869,13.3016
0.649698,-0.0303723
0.650706,-15.9183
0.651714,-8.38163
0.652722,-9.18928
0.65373,11.8217
0.654738,2.78649
0.655746,-3.64099
0.656754,-1.28745
0.657762,7.74475
0.65877,-3.52811
0.659778,-5.1385
0.660786,-2.18385
0.661794,6.38545
0.662802,-7.56642
0.66381,-5.16469
0.664819,0.246196
0.665827,12.4002
0.666835,9.1857
0.667843,-3.33533
0.668851,-11.1696
0.669859,-7.6962
0.670867,2.11435
0.671875,3.97767
0.672883,6.41074
0.673891,7.15356
0.674899,0.748574
0.675907,-0.951737
0.676915,-16.2898
0.677923,-0.241355
0.678931,2.63373
0.67994,0.937292
0.680948,-5.76384
0.681956,6.13716
0.682964,7.5523
0.683972,13.9012
0.68498,-9.01133
0.685988,-6.28519
0.686996,-7.53219
0.688004,-0.551877
0.689012,-3.60234
0.69002,14.3848
0.691028,1.04386
0.692036,7.75056
0.693044,-7.97091
0.694052,-12.7588
0.69506,-4.35936
0.696069,10.1231
0.697077,3.5986
0.698085,0.0890424
0.699093,4.05126
0.700101,-0.583705
0.701109,1.50086
0.702117,-12.8354
0.703125,-4.60148
0.704133,-2.866
0.705141,1.50688
0.706149,3.61086
0.707157,5.92991
0.708165,3.47587
0.709173,-4.07662
0.710181,-3.76739
0.71119,-0.956909
0.712198,-7.93408
0.713206,1.56047
0.714214,-0.446399
0.715222,-2.2411
0.71623,2.41012
0.717238,7.20356
0.718246,-0.681737
0.719254,6.46584
0.720262,-2.58584
0.72127,-5.84805
0.722278,-6.96838
0.723286,10.5966
0.724294,-0.638431
0.725302,-4.65506
0.72631,4.18605
0.727319,9.87167
0.728327,2.07859
0.729335,-13.5582
0.730343,-17.8001
0.731351,-2.94728
0.732359,14.9891
0.733367,3.06943
0.734375,1.36592
0.735383,4.23567
0.736391,1.39167
0.737399,-7.95437
0.738407,-15.9506
0.739415,-12.3256
0.740423,13.3065
0.741431,13.9213
0.74244,-6.04656
0.743448,-5.57027
0.744456,5.09288
0.745464,-1.0351
0.746472,-3.79875
0.74748,-9.53049
0.748488,-0.861507
0.749496,14.049
0.750504,-1.37203
0.751512,-11.2726
0.75252,2.73989
0.753528,2.66494
0.754536,0.931568
0.755544,-15.6352
0.756552,-13.6128
0.75756,4.06603
0.758569,9.20975
0.759577,-2.16337
0.760585,1.72613
0.761593,-10.5935
0.762601,4.21273
0.763609,2.09541
0.764617,-3.71937
0.765625,-13.3066
0.766633,6.17585
0.767641,0.731879
0.768649,4.75687
0.769657,-9.63598
0.770665,-0.842023
0.771673,1.20359
0.772681,10.0519
0.77369,-7.01833
0.774698,1.13438
0.775706,0.183578
0.776714,6.17196
0.777722,-10.8759
0.77873,-8.21551
0.779738,-8.17283
0.780746,7.37625
0.781754,6.62568
0.782762,-9.25039
0.78377,3.88228
0.784778,4.42374
0.785786,-1.39511
0.786794,-0.569289
0.787802,-15.8102
0.78881,-6.06536
0.789819,11.7277
0.790827,-5.25521
0.791835,-5.2309
0.792843,2.83859
0.793851,4.86644
0.794859,-4.31502
0.795867,-7.02689
0.796875,-8.72544
0.797883,15.0134
0.798891,5.15699
0.799899,-15.5219
0.800907,-2.97928
0.801915,-1.17015
0.802923,1.07099
0.803931,2.31783
0.80494,-10.6408
0.805948,-3.42973
0.806956,12.3264
0.807964,-12.674
0.808972,-6.14576
0.80998,7.89012
0.810988,7.57957
0.811996,0.642768
0.813004,-15.0301
0.814012,-5.90607
0.81502,11.377
0.816028,9.10802
0.817036,-13.6363
0.818044,3.41447
0.819052,-2.24489
0.82006,2.42289
0.821069,5.44942
0.822077,4.33131
0.823085,2.34533
0.824093,1.71593
0.825101,-17.2769
0.826109,-3.12244
0.827117,7.1686
0.828125,1.1745
0.829133,4.06069
0.830141,7.6631
0.831149,-5.89064
0.832157,7.82999
0.833165,-5.05015
0.834173,-15.9715
0.835181,5.33918
0.83619,0.755577
0.837198,0.0310207
0.838206,7.28503
0.839214,3.25485
0.840222,1.01345
0.84123,4.81478
0.842238,-14.2823
0.843246,-8.70135
0.844254,13.1239
0.845262,-1.32215
0.84627,4.82676
0.847278,2.74247
0.848286,-4.6418
0.849294,0.947481
0.850302,-5.007
0.85131,-10.7615
0.852319,-8.89214
0.853327,10.3337
0.854335,2.52247
0.855343,2.10647
0.856351,-6.11977
0.857359,5.03238
0.858367,-1.78395
0.859375,0.784448
0.860383,-7.96669
0.861391,10.4986
0.862399,-17.3027
0.863407,-14.6744
0.864415,9.69523
0.865423,9.13592
0.866431,7.66359
0.86744,1.61574
0.868448,-13.2917
0.869456,-1.76487
0.870464,-9.61543
0.871472,7.27244
0.87248,2.37935
0.873488,2.57441
0.874496,-1.55179
0.875504,5.98562
0.876512,-0.677963
0.87752,-5.93966
0.878528,-12.5283
0.879536,9.49179
0.880544,13.4003
0.881552,2.99696
0.88256,-16.1089
0.883569,8.14216
0.884577,1.03819
0.885585,-6.7953
0.886593,-10.0991
0.887601,1.20312
0.888609,14.9214
0.889617,8.60533
0.890625,-17.6102
0.891633,-1.83857
0.892641,9.03214
0.893649,4.10086
0.894657,-14.5937
0.895665,-1.99279
0.896673,-5.14645
0.897681,11.5184
0.89869,4.46915
0.899698,-2.50792
0.900706,7.85291
0.901714,-5.68249
0.902722,-28.2737
0.90373,-6.1192
0.904738,6.09157
0.905746,11.6831
0.906754,15.5603
0.907762,-3.91233
0.90877,-19.478
0.909778,1.52415
0.910786,-6.72459
0.911794,-10.2055
0.912802,12.1281
0.91381,-1.28024
0.914819,2.9915
0.915827,3.60676
0.916835,-1.6372
0.917843,-12.0101
0.918851,18.6445
0.919859,-7.8608
0.920867,-13.7588
0.921875,8.83887
0.922883,2.05806
0.923891,3.91517
0.924899,6.31738
0.925907,-10.3666
0.926915,-20.4074
0.927923,-0.314129
0.928931,3.81348
0.92994,8.85523
0.930948,7.98458
0.931956,8.15063
0.932964,-1.45115
0.933972,1.87005
0.93498,-24.9856
0.935988,-12.5954
0.936996,23.913
0.938004,1.61786
0.939012,-3.34358
0.94002,-5.243
0.941028,3.17954
0.942036,12.4545
0.943044,2.69679
0.944052,-19.0946
0.94506,-1.45838
0.946069,-1.30415
0.947077,-1.92215
0.948085,2.81695
0.949093,5.99471
0.950101,-0.963117
0.951109,0.350206
0.952117,-12.0475
0.953125,-5.92608
0.954133,2.16581
0.955141,3.00259
0.956149,6.14304
0.957157,6.26269
0.958165,4.0366
0.959173,-1.84233
0.960181,-3.10648
0.96119,-16.8548
0.962198,-4.40013
0.963206,3.70935
0.964214,11.6942
0.965222,4.51796
0.96623,-0.622868
0.967238,-3.87238
0.968246,1.11042
0.969254,13.978
0.970262,-0.689463
0.97127,-17.9327
0.972278,0.656807
0.973286,3.47983
0.974294,-0.476508
0.975302,0.027842
0.97631,0.708488
0.977319,2.37732
0.978327,0.63185
0.979335,-14.0478
0.980343,-5.66586
0.981351,24.3412
0.982359,-2.11699
0.983367,-9.40794
0.984375,-7.41327
0.985383,-0.134825
0.986391,7.92612
0.987399,-1.04545
0.988407,-19.2636
0.989415,4.22054
0.990423,-3.00064
0.991431,7.00715
0.99244,10.9795
0.993448,7.43333
0.994456,-15.6022
0.995464,-4.09865
0.996472,-10.6971
0.99748,-6.70005
0.998488,6.6742
0.999496,7.90443
1.0005,-5.4433
1.00151,-1.70504
1.00252,-6.60067
1.00353,1.69793
1.00454,4.62626
1.00554,-11.6424
1.00655,-3.74451
1.00756,-2.23062
1.00857,17.2724
1.00958,7.84126
1.01058,-11.2369
1.01159,-16.6419
1.0126,-3.56559
1.01361,2.16877
1.01462,4.74425
1.01562,5.47185
1.01663,10.0293
1.01764,13.7272
1.01865,-6.15149
1.01966,-3.8452
1.02067,-5.55264
1.02167,-5.63323
1.02268,4.76602
1.02369,2.14045
1.0247,-8.80918
1.02571,11.0889
1.02671,17.6181
1.02772,0.636862
1.02873,-12.1306
1.02974,-12.3882
1.03075,-14.0808
1.03175,19.5271
1.03276,3.27922
1.03377,1.23337
1.03478,6.75186
1.03579,-3.29943
1.03679,-15.2868
1.0378,1.77471
1.03881,-4.55393
1.03982,3.80226
1.04083,3.15822
1.04183,-12.1971
1.04284,6.77587
1.04385,14.0253
1.04486,2.14375
1.04587,-11.8577
1.04688,-10.1117
1.04788,0.0114534
1.04889,2.62407
1.0499,-6.78572
1.05091,1.81766
1.05192,2.03633
1.05292,15.861
1.05393,-14.1942
1.05494,-22.7995
1.05595,8.69673
1.05696,23.1588
1.05796,-4.5829
1.05897,-10.0459
1.05998,-2.6143
1.06099,11.3345
1.062,0.767423
1.063,-16.528
1.06401,0.459997
1.06502,13.8912
1.06603,-12.2876
1.06704,13.1525
1.06804,0.688827
1.06905,0.972686
1.07006,12.3931
1.07107,-13.9319
1.07208,-2.86748
1.07308,8.03842
1.07409,3.07975
1.0751,-12.391
1.07611,0.243322
1.07712,0.589038
1.07812,14.0853
1.07913,8.48424
1.08014,-9.69918
1.08115,-11.3738
1.08216,15.096
1.08317,-15.2334
1.08417,1.43376
1.08518,12.9538
1.08619,3.40011
1.0872,0.158311
1.08821,-12.9992
1.08921,2.95276
1.09022,10.3709
1.09123,-2.35503
1.09224,-12.6452
1.09325,6.95502
1.09425,3.56126
1.09526,11.0784
1.09627,-15.6799
1.09728,-0.311247
1.09829,-5.72452
1.09929,-16.6722
1.1003,4.88951
1.10131,16.4775
1.10232,-4.76237
1.10333,12.2937
1.10433,-10.8573
1.10534,-17.2034
1.10635,3.81134
1.10736,2.7684
1.10837,5.131
1.10938,-1.4231
1.11038,-14.8034
1.11139,-7.62518
1.1124,24.7167
1.11341,-18.3098
1.11442,18.0281
1.11542,-3.9777
1.11643,-8.98037
1.11744,-6.00013
1.11845,15.3676
1.11946,4.1452
1.12046,16.5551
1.12147,-21.1928
1.12248,-17.1894
1.12349,16.7693
1.1245,-8.2311
1.1255,5.55131
1.12651,27.2597
1.12752,3.01748
1.12853,-6.73181
1.12954,-14.208
1.13054,-13.3616
1.13155,27.9391
1.13256,-5.29833
1.13357,-20.4789
1.13458,3.06043
1.13558,18.3928
1.13659,17.0976
1.1376,-7.19544
1.13861,-15.1489
1.13962,6.79821
1.14062,2.18872
1.14163,-13.745
1.14264,13.8311
1.14365,15.2811
1.14466,5.08545
1.14567,-41.1115
1.14667,-11.981
1.14768,13.233
1.14869,30.4792
1.1497,-9.05713
1.15071,-5.11928
1.15171,-3.33993
1.15272,-3.34731
1.15373,-10.5895
1.15474,2.50671
1.15575,0.99407
1.15675,8.78989
1.15776,-4.66498
1.15877,-5.57598
1.15978,2.88436
1.16079,11.3354
1.16179,6.25355
1.1628,-17.3426
1.16381,-25.2103
1.16482,13.2062
1.16583,23.1943
1.16683,8.17639
1.16784,-10.8951
1.16885,12.7119
1.16986,-9.38292
1.17087,-7.51532
1.17188,-7.49059
1.17288,16.8116
1.17389,9.83229
1.1749,-5.26182
1.17591,-10.1051
1.17692,15.2277
1.17792,5.54433
1.17893,1.20087
1.17994,-13.628
1.18095,-1.59444
1.18196,-8.04409
1.18296,1.20789
1.18397,13.0916
1.18498,18.3764
1.18599,-4.71657
1.187,-14.6852
1.188,-17.375
1.18901,1.42344
1.19002,12.3467
1.19103,5.98929
1.19204,16.3711
1.19304,-10.7419
1.19405,-25.0959
1.19506,10.8403
1.19607,-0.450696
1.19708,-3.92713
1.19808,-3.74582
1.19909,-1.84662
1.2001,0.376238
1.20111,11.6321
1.20212,-0.329818
1.20312,13.3028
1.20413,-7.93035
1.20514,-27.8572
1.20615,-7.9655
1.20716,5.80478
1.20817,4.4559
1.20917,22.1908
1.21018,2.64489
1.21119,-1.44227
1.2122,-15.7095
1.21321,-18.4787
1.21421,4.44838
1.21522,14.516
1.21623,0.848484
1.21724,7.40122
1.21825,-1.39745
1.21925,-9.58757
1.22026,3.60701
1.22127,-13.4034
1.22228,-5.68853
1.22329,-12.8626
1.22429,10.9323
1.2253,13.4406
1.22631,14.689
1.22732,-6.42999
1.22833,2.2033
1.22933,-8.97214
1.23034,-11.833
1.23135,-6.01529
1.23236,7.44886
1.23337,22.9473
1.23438,13.3187
1.23538,-15.5247
1.23639,-11.1936
1.2374,-8.21288
1.23841,-11.7509
1.23942,23.123
1.24042,0.400572
1.24143,9.19359
1.24244,-4.63173
1.24345,5.34615
1.24446,-18.7066
1.24546,-17.1389
1.24647,3.07514
1.24748,7.99308
1.24849,7.18179
1.2495,-5.64571
1.2505,-6.52273
1.25151,25.0695
1.25252,2.22517
1.25353,-26.6984
1.25454,-17.1893
1.25554,12.705
1.25655,-2.44141
1.25756,3.44176
1.25857,-3.47109
1.25958,15.2585
1.26058,4.58094
1.26159,-8.60927
1.2626,-42.7157
1.26361,18.4948
1.26462,18.5304
1.26562,11.6077
1.26663,-9.96663
1.26764,-10.2689
1.26865,-8.31488
1.26966,17.1326
1.27067,-20.5683
1.27167,0.414415
1.27268,16.0138
1.27369,3.86186
1.2747,-8.02469
1.27571,4.64242
1.27671,2.32221
1.27772,14.1912
1.27873,-8.91832
1.27974,-21.2792
1.28075,19.9892
1.28175,4.17731
1.28276,-4.35737
1.28377,-0.67573
1.28478,-9.89699
1.28579,18.5734
1.28679,-0.461444
1.2878,-23.2857
1.28881,-4.12048
1.28982,26.1451
1.29083,5.03574
1.29183,-12.4075
1.29284,-4.5164
1.29385,-9.88019
1.29486,8.32963
1.29587,4.12797
1.29688,-15.1868
1.29788,7.34623
1.29889,3.3595
1.2999,10.1767
1.30091,-8.76844
1.30192,5.13546
1.30292,-16.8235
1.30393,-0.798641
1.30494,-6.39866
1.30595,0.668968
1.30696,-8.0221
1.30796,9.73264
1.30897,9.40696
1.30998,-0.721166
1.31099,-15.8067
1.312,11.0435
1.313,-8.13383
1.31401,-1.41396
1.31502,7.32347
1.31603,-11.6224
1.31704,12.7954
1.31804,-5.76015
1.31905,-10.4075
1.32006,7.7211
1.32107,1.03296
1.32208,-17.5082
1.32308,14.264
1.32409,3.20014
1.3251,1.16047
1.32611,3.03125
1.32712,6.33254
1.32812,-18.4658
1.32913,9.12846
1.33014,-14.8809
1.33115,5.0474
1.33216,8.25805
1.33317,2.03017
1.33417,-8.57052
1.33518,19.1165
1.33619,-15.1272
1.3372,5.14755
1.33821,-9.44712
1.33921,-5.2566
1.34022,10.9546
1.34123,-8.38396
1.34224,-26.4759
1.34325,18.1035
1.34425,7.49021
1.34526,-8.13342
1.34627,-7.9527
1.34728,-4.49869
1.34829,4.59071
1.34929,15.2662
1.3503,-9.64262
1.35131,-6.07626
1.35232,-3.81511
1.35333,0.559324
1.35433,-22.7858
1.35534,16.286
1.35635,14.5302
1.35736,4.57493
1.35837,-8.55422
1.35938,-22.0086
1.36038,0.288371
1.36139,26.5083
1.3624,-10.0306
1.36341,-9.53285
1.36442,2.45188
1.36542,4.66176
1.36643,-10.1895
1.36744,12.836
1.36845,2.27399
1.36946,-1.77264
1.37046,-5.78271
1.37147,-14.1171
1.37248,2.7082
1.37349,11.9901
1.3745,-0.856011
1.3755,14.133
1.37651,-9.00696
1.37752,-26.8572
1.37853,21.894
1.37954,0.300435
1.38054,4.63174
1.38155,-2.84826
1.38256,-1.10361
1.38357,-2.32357
1.38458,7.70369
1.38558,-10.1241
1.38659,9.32616
1.3876,-8.04494
1.38861,-11.8045
1.38962,1.30153
1.39062,12.9407
1.39163,-6.51955
1.39264,-1.96488
1.39365,-9.06302
1.39466,-5.77973
1.39567,4.05739
1.39667,-8.40144
1.39768,11.4351
1.39869,2.03271
1.3997,-0.123521
1.40071,-7.19245
1.40171,-2.88505
1.40272,-12.4596
1.40373,6.54622
1.40474,-15.3471
1.40575,-0.860434
1.40675,10.8728
1.40776,5.24894
1.40877,5.02608
1.40978,-5.07692
1.41079,-10.3563
1.41179,-1.94063
1.4128,5.57511
1.41381,-8.33768
1.41482,0.780214
1.41583,1.9077
1.41683,10.2344
1.41784,-5.09059
1.41885,-0.442272
1.41986,-0.673704
1.42087,23.682
1.42188,-11.4089
1.42288,-16.1204
1.42389,16.506
1.4249,6.24004
1.42591,-3.84947
1.42692,3.47462
1.42792,-5.58098
1.42893,2.35442
1.42994,-10.0825
1.43095,-8.90441
1.43196,13.8091
1.43296,22.2869
1.43397,-13.4062
1.43498,-5.9056
1.43599,-0.765321
1.437,-1.61105
1.438,0.255989
1.43901,-18.5529
1.44002,-10.6096
1.44103,19.0084
1.44204,-0.758275
1.44304,-15.2089
1.44405,15.9439
1.44506,-3.55858
1.44607,-8.79458
1.44708,6.83526
1.44808,-7.43083
1.44909,-6.1614
1.4501,12.912
1.45111,-14.1993
1.45212,-0.239285
1.45312,9.6795
1.45413,-6.37154
1.45514,-13.1184
1.45615,-1.66366
1.45716,-9.05071
1.45817,10.3909
1.45917,9.65883
1.46018,-17.389
1.46119,13.1274
1.4622,6.4441
1.46321,-17.2274
1.46421,5.38122
1.46522,-4.57537
1.46623,-1.41713
1.46724,-3.77004
1.46825,10.2819
1.46925,-12.7347
1.47026,5.08699
1.47127,5.86852
1.47228,11.8286
1.47329,-0.170354
1.47429,-17.2305
1.4753,-1.61043
1.47631,12.616
1.47732,2.67663
1.47833,-3.24751
1.47933,-17.3392
1.48034,6.68126
1.48135,-0.993175
1.48236,-9.414
1.48337,2.84155
1.48438,0.0589101
1.48538,8.84981
1.48639,-7.7321
1.4874,-0.299579
1.48841,-6.27064
1.48942,-0.283239
1.49042,-24.0208
1.49143,-5.33591
1.49244,9.51693
1.49345,7.6993
1.49446,8.59341
1.49546,0.982531
1.49647,-14.2959
1.49748,-0.845534
1.49849,-4.1625
1.4995,-16.7235
1.5005,5.2876
1.50151,23.4108
1.50252,5.29428
1.50353,-8.01349
1.50454,-12.2083
1.50554,2.72906
1.50655,21.6038
1.50756,-28.5672
1.50857,-32.1467
1.50958,16.988
1.51058,25.3808
1.51159,-0.512235
1.5126,9.42268
1.51361,-7.61677
1.51462,-10.9495
1.51562,-18.9148
1.51663,-24.6987
1.51764,17.9792
1.51865,39.3785
1.51966,-10.8071
1.52067,-3.93745
1.52167,11.2792
1.52268,0.902007
1.52369,-14.7741
1.5247,5.53104
1.52571,-16.3566
1.52671,7.26411
1.52772,3.38249
1.52873,1.84549
1.52974,13.9462
1.53075,14.4905
1.53175,-27.8593
1.53276,-7.47097
1.53377,-12.526
1.53478,5.51071
1.53579,15.3461
1.53679,14.6938
1.5378,-14.2463
1.53881,26.5613
1.53982,-26.5947
1.54083,-19.6701
1.54183,1.27687
1.54284,3.15529
1.54385,12.6554
1.54486,13.2563
1.54587,-12.0288
1.54688,14.2198
1.54788,6.83038
1.54889,-4.77321
1.5499,-28.699
1.55091,5.51644
1.55192,-19.2967
1.55292,18.8689
1.55393,27.4995
1.55494,-1.66803
1.55595,-2.31623
1.55696,-13.6037
1.55796,-12.3954
1.55897,-3.49367
1.55998,-3.75824
1.56099,8.2079
1.562,2.28951
1.563,24.344
1.56401,-2.17834
1.56502,-12.6257
1.56603,-16.9023
1.56704,-7.37675
1.56804,7.72857
1.56905,10.1748
1.57006,4.21066
1.57107,9.27097
1.57208,22.1088
1.57308,-16.0829
1.57409,-23.82
1.5751,15.4643
1.57611,-0.7919
1.57712,-17.2292
1.57812,16.0455
1.57913,2.09085
1.58014,20.3149
1.58115,-1.83784
1.58216,-27.6523
1.58317,-0.0284245
1.58417,-4.50488
1.58518,-5.28937
1.58619,13.2378
1.5872,9.267
1.58821,-4.25169
1.58921,12.5602
1.59022,-10.963
1.59123,1.05852
1.59224,5.05057
1.59325,-7.7812
1.59425,-7.18167
1.59526,-3.46583
1.59627,7.47557
1.59728,14.3724
1.59829,-0.153238
1.59929,-4.60135
1.6003,2.06208
1.60131,-10.7637
1.60232,-4.92109
1.60333,-2.31535
1.60433,10.7272
1.60534,15.6762
1.60635,0.852543
1.60736,-18.0506
1.60837,-5.02102
1.60938,7.85561
1.61038,3.53222
1.61139,-5.29308
1.6124,-19.7166
1.61341,12.4924
1.61442,26.2886
1.61542,-10.0652
1.61643,-13.8305
1.61744,11.7956
1.61845,2.31124
1.61946,-4.46845
1.62046,-15.6033
1.62147,18.311
1.62248,31.0876
1.62349,4.55622
1.6245,-32.2929
1.6255,-7.28097
1.62651,14.8741
1.62752,15.3248
1.62853,-18.4901
1.62954,-14.3037
1.63054,21.7681
1.63155,22.5332
1.63256,-4.12384
1.63357,-35.0636
1.63458,10.1959
1.63558,18.9113
1.63659,-13.3809
1.6376,-35.1036
1.63861,21.5601
1.63962,37.2232
1.64062,14.9239
1.64163,-40.3068
1.64264,-32.2634
1.64365,14.9673
1.64466,41.2114
1.64567,-25.6614
1.64667,-9.06203
1.64768,7.13066
1.64869,25.7001
1.6497,-4.90794
1.65071,3.76295
1.65171,-18.8988
1.65272,19.4683
1.65373,-13.0113
1.65474,-11.9938
1.65575,10.0649
1.65675,36.0594
1.65776,5.94794
1.65877,-21.1068
1.65978,-33.2036
1.66079,7.38518
1.66179,1.68406
1.6628,7.84807
1.66381,-10.9018
1.66482,14.5296
1.66583,6.77619
1.66683,-2.65627
1.66784,-19.5313
1.66885,6.19873
1.66986,11.072
1.67087,6.80494
1.67188,-11.4754
1.67288,3.42602
1.67389,18.5282
1.6749,3.28462
1.67591,-17.9033
1.67692,-14.6104
1.67792,17.4664
1.67893,0.014294
1.67994,2.49585
1.68095,-13.9048
1.68196,7.20896
1.68296,26.136
1.68397,-12.5683
1.68498,-21.4991
1.68599,-9.60692
1.687,0.524103
1.688,7.16878
1.68901,5.58754
1.69002,6.6278
1.69103,2.07203
1.69204,5.68829
1.69304,-10.5631
1.69405,-6.34062
1.69506,8.96639
1.69607,-2.46943
1.69708,-1.54341
1.69808,-7.8801
1.69909,-9.14103
1.7001,4.48959
1.70111,24.9555
1.70212,-3.09026
1.70312,-12.0461
1.70413,0.377633
1.70514,-6.3376
1.70615,10.9961
1.70716,11.3107
1.70817,-10.9184
1.70917,1.61372
1.71018,2.33895
1.71119,-10.1365
1.7122,0.274223
1.71321,-1.17332
1.71421,1.32639
1.71522,6.92319
1.71623,-0.767519
1.71724,8.21974
1.71825,1.80697
1.71925,3.17021
1.72026,-29.8849
1.72127,12.6673
1.72228,-10.8926
1.72329,7.15978
1.72429,-2.87324
1.7253,5.45586
1.72631,-4.17412
1.72732,30.237
1.72833,-26.9913
1.72933,6.94516
1.73034,-10.6636
1.73135,2.3222
1.73236,-3.3677
1.73337,7.2998
1.73438,-12.0948
1.73538,15.8216
1.73639,-9.55306
1.7374,-8.85782
1.73841,4.94249
1.73942,5.09744
1.74042,-21.1091
1.74143,-2.18676
1.74244,-4.11388
1.74345,27.8757
1.74446,2.12013
1.74546,-7.91858
1.74647,-9.71519
1.74748,-0.28232
1.74849,-14.6204
1.7495,8.65935
1.7505,-2.38586
1.75151,3.05167
1.75252,-1.51698
1.75353,6.75295
1.75454,3.90323
1.75554,1.14049
1.75655,-20.3443
1.75756,3.98198
1.75857,-1.41793
1.75958,13.9185
1.76058,-20.7396
1.76159,16.1176
1.7626,12.8085
1.76361,5.5815
1.76462,-18.8662
1.76562,-0.645528
1.76663,-16.3145
1.76764,-2.34264
1.76865,6.0583
1.76966,8.50482
1.77067,13.6684
1.77167,13.6835
1.77268,-7.79522
1.77369,-26.557
1.7747,-7.71068
1.77571,-0.461584
1.77671,4.21071
1.77772,0.189739
1.77873,1.13983
1.77974,7.32104
1.78075,7.35264
1.78175,-4.36228
1.78276,-9.28894
1.78377,-3.24009
1.78478,-18.6035
1.78579,-4.7449
1.78679,24.2969
1.7878,-0.502216
1.78881,13.0393
1.78982,-13.9776
1.79083,-26.0271
1.79183,-9.5236
1.79284,3.161
1.79385,-1.41412
1.79486,12.5505
1.79587,4.59987
1.79688,5.69093
1.79788,-18.4877
1.79889,-10.1968
1.7999,-6.83859
1.80091,11.8854
1.80192,-17.6778
1.80292,13.0802
1.80393,16.8175
1.80494,-3.88684
1.80595,-10.6238
1.80696,-4.09131
1.80796,-7.00184
1.80897,1.697
1.80998,-11.1356
1.81099,-11.0312
1.812,21.794
1.813,27.1171
1.81401,-10.0142
1.81502,-12.8194
1.81603,-7.72774
1.81704,3.49074
1.81804,-4.6252
1.81905,-8.58718
1.82006,6.48529
1.82107,16.1904
1.82208,-0.894838
1.82308,-24.8586
1.82409,8.86448
1.8251,16.9248
1.82611,-9.123
1.82712,-16.7017
1.82812,-9.98232
1.82913,21.4311
1.83014,6.47184
1.83115,-13.9653
1.83216,6.52235
1.83317,4.29839
1.83417,-15.9225
1.83518,-25.1181
1.83619,-6.47955
1.8372,32.1725
1.83821,19.2983
1.83921,2.21051
1.84022,-27.9923
1.84123,-8.7406
1.84224,-7.8945
1.84325,6.83896
1.84425,-11.8012
1.84526,10.8345
1.84627,15.3201
1.84728,-2.13218
1.84829,-26.1321
1.84929,4.43118
1.8503,10.7124
1.85131,5.22792
1.85232,-16.9312
1.85333,-7.27124
1.85433,8.30454
1.85534,19.1549
1.85635,-21.2172
1.85736,5.22249
1.85837,-4.93894
1.85938,-1.54251
1.86038,-13.5153
1.86139,3.93479
1.8624,10.3342
1.86341,31.6257
1.86442,-17.9043
1.86542,-21.6665
1.86643,-0.175609
1.86744,9.12731
1.86845,1.02068
1.86946,-9.03079
1.87046,-3.57003
1.87147,10.1892
1.87248,1.97841
1.87349,-7.59162
1.8745,-3.00911
1.8755,3.32983
1.87651,-5.87229
1.87752,-14.2003
1.87853,-11.9424
1.87954,7.47441
1.88054,15.8895
1.88155,-10.7398
1.88256,-8.32932
1.88357,14.002
1.88458,3.93903
1.88558,-15.9778
1.88659,-8.58127
1.8876,-18.2121
1.88861,19.5785
1.88962,-5.75859
1.89062,-16.9884
1.89163,0.138488
1.89264,15.9541
1.89365,-10.0772
1.89466,-6.58816
1.89567,5.84561
1.89667,-13.5203
1.89768,13.8525
1.89869,-13.9505
1.8997,0.621092
1.90071,12.2441
1.90171,-4.27607
1.90272,-18.6984
1.90373,5.70261
1.90474,0.340692
1.90575,3.66496
1.90675,-19.0416
1.90776,8.4955
1.90877,0.979894
1.90978,15.8809
1.91079,-17.0991
1.91179,0.234984
1.9128,-6.35407
1.91381,17.899
1.91482,-17.5282
1.91583,-10.0384
1.91683,-1.96149
1.91784,9.51071
1.91885,-6.77449
1.91986,-10.5501
1.92087,-4.52063
1.92188,9.42105
1.92288,-8.24148
1.92389,-11.2753
1.9249,-9.7841
1.92591,-0.0564723
1.92692,8.90395
1.92792,2.99767
1.92893,-2.54984
1.92994,-7.51968
1.93095,-11.2504
1.93196,-12.9268
1.93296,-2.43544
1.93397,15.2108
1.93498,-5.16161
1.93599,-5.77647
1.937,-0.405946
1.938,-2.1653
1.93901,-12.9495
1.94002,8.4019
1.94103,-2.40874
1.94204,-7.14947
1.94304,-25.233
1.94405,0.427513
1.94506,10.0899
1.94607,15.4042
1.94708,-16.6798
1.94808,0.416174
1.94909,-21.0204
1.9501,11.2971
1.95111,-5.93464
1.95212,6.22173
1.95312,4.14285
1.95413,0.082866
1.95514,-18.8494
1.95615,-8.14072
1.95716,9.32499
1.95817,10.6806
1.95917,-6.4828
1.96018,-0.0700489
1.96119,-5.97249
1.9622,-9.1697
1.96321,-9.61398
1.96421,6.36011
1.96522,16.5372
1.96623,-7.24213
1.96724,-19.7644
1.96825,4.65852
1.96925,7.38224
1.97026,-11.3741
1.97127,-5.47274
1.97228,-15.231
1.97329,-4.27822
1.97429,-10.5558
1.9753,14.9525
1.97631,-6.09974
1.97732,3.68284
1.97833,-6.0986
1.97933,-7.72364
1.98034,-12.6949
1.98135,1.40806
1.98236,-16.9817
1.98337,8.5395
1.98438,5.67856
1.98538,3.28007
1.98639,-10.8008
1.9874,-17.3089
1.98841,-2.78445
1.98942,0.536826
1.99042,2.18396
1.99143,-4.52822
1.99244,16.4685
1.99345,-2.03208
1.99446,-18.115
1.99546,-7.06044
1.99647,5.1346
1.99748,-7.45346
1.99849,11.2565
1.9995,-13.5697
